[2026-09-03 | 10:58:38] INFO     [STRMCNTR] Scraping from "https://streamecenter.live"                             (stc.py:431)
[2026-09-03 | 10:58:40] INFO     [STRMCNTR] No events found                                                        (stc.py:456)
[2026-09-03 | 14:46:59] INFO     [STRMCNTR] Scraping from "https://streamecenter.live"                             (stc.py:431)
[2026-09-03 | 14:47:00] INFO     [STRMCNTR] Processing 24 URL(s)                                                   (stc.py:459)
[2026-09-03 | 14:47:01] INFO     [STRMCNTR] URL 1) Captured M3U8                                                   (stc.py:303)
[2026-09-03 | 14:47:01] INFO     [STRMCNTR] URL 2) Captured M3U8                                                   (stc.py:303)
[2026-09-03 | 14:47:03] INFO     [STRMCNTR] URL 3) Captured M3U8                                                   (stc.py:303)
[2026-09-03 | 14:47:03] INFO     [STRMCNTR] URL 4) Captured M3U8                                                   (stc.py:303)
[2026-09-03 | 14:47:03] INFO     [STRMCNTR] URL 5) Captured M3U8                                                   (stc.py:303)
[2026-09-03 | 14:47:04] INFO     [STRMCNTR] URL 6) Captured M3U8                                                   (stc.py:303)
[2026-09-03 | 14:47:04] INFO     [STRMCNTR] URL 7) Captured M3U8                                                   (stc.py:303)
[2026-09-03 | 14:47:04] INFO     [STRMCNTR] URL 8) Captured M3U8                                                   (stc.py:303)
[2026-09-03 | 14:47:05] INFO     [STRMCNTR] URL 9) Captured M3U8                                                   (stc.py:303)
[2026-09-03 | 14:47:05] INFO     [STRMCNTR] URL 10) Captured M3U8                                                  (stc.py:303)
[2026-09-03 | 14:47:05] INFO     [STRMCNTR] URL 11) Captured M3U8                                                  (stc.py:303)
[2026-09-03 | 14:47:06] INFO     [STRMCNTR] URL 12) Captured M3U8                                                  (stc.py:303)
[2026-09-03 | 14:47:07] INFO     [STRMCNTR] URL 13) Captured M3U8                                                  (stc.py:303)
[2026-09-03 | 14:47:07] INFO     [STRMCNTR] URL 14) Captured M3U8                                                  (stc.py:303)
[2026-09-03 | 14:47:08] INFO     [STRMCNTR] URL 15) Captured M3U8                                                  (stc.py:303)
[2026-09-03 | 14:47:08] INFO     [STRMCNTR] URL 16) Captured M3U8                                                  (stc.py:303)
[2026-09-03 | 14:47:08] INFO     [STRMCNTR] URL 17) Captured M3U8                                                  (stc.py:303)
[2026-09-03 | 14:47:09] INFO     [STRMCNTR] URL 18) Captured M3U8                                                  (stc.py:303)
[2026-09-03 | 14:47:10] INFO     [STRMCNTR] URL 19) Captured M3U8                                                  (stc.py:303)
[2026-09-03 | 14:47:11] INFO     [STRMCNTR] URL 20) Captured M3U8                                                  (stc.py:303)
[2026-09-03 | 14:47:11] INFO     [STRMCNTR] URL 21) Captured M3U8                                                  (stc.py:303)
[2026-09-03 | 14:47:11] INFO     [STRMCNTR] URL 22) Captured M3U8                                                  (stc.py:303)
[2026-09-03 | 14:47:12] INFO     [STRMCNTR] URL 23) Captured M3U8                                                  (stc.py:303)
[2026-09-03 | 14:47:12] INFO     [STRMCNTR] URL 24) Captured M3U8                                                  (stc.py:303)
[2026-09-03 | 14:47:12] INFO     [STRMCNTR] Collected 24 event(s)                                                  (stc.py:515)
[2026-09-03 | 18:11:35] INFO     [STRMCNTR] Scraping from "https://streamecenter.live"                             (stc.py:431)
[2026-09-03 | 18:11:37] INFO     [STRMCNTR] Processing 23 URL(s)                                                   (stc.py:459)
[2026-09-03 | 18:11:39] INFO     [STRMCNTR] URL 1) Captured M3U8                                                   (stc.py:303)
[2026-09-03 | 18:11:39] INFO     [STRMCNTR] URL 2) Captured M3U8                                                   (stc.py:303)
[2026-09-03 | 18:11:41] INFO     [STRMCNTR] URL 3) Captured M3U8                                                   (stc.py:303)
[2026-09-03 | 18:11:41] INFO     [STRMCNTR] URL 4) Captured M3U8                                                   (stc.py:303)
[2026-09-03 | 18:11:42] INFO     [STRMCNTR] URL 5) Captured M3U8                                                   (stc.py:303)
[2026-09-03 | 18:11:43] INFO     [STRMCNTR] URL 6) Captured M3U8                                                   (stc.py:303)
[2026-09-03 | 18:11:44] INFO     [STRMCNTR] URL 7) Captured M3U8                                                   (stc.py:303)
[2026-09-03 | 18:11:46] INFO     [STRMCNTR] URL 8) Captured M3U8                                                   (stc.py:303)
[2026-09-03 | 18:11:46] INFO     [STRMCNTR] URL 9) Captured M3U8                                                   (stc.py:303)
[2026-09-03 | 18:11:48] INFO     [STRMCNTR] URL 10) Captured M3U8                                                  (stc.py:303)
[2026-09-03 | 18:11:49] INFO     [STRMCNTR] URL 11) Captured M3U8                                                  (stc.py:303)
[2026-09-03 | 18:11:49] INFO     [STRMCNTR] URL 12) Captured M3U8                                                  (stc.py:303)
[2026-09-03 | 18:11:51] INFO     [STRMCNTR] URL 13) Captured M3U8                                                  (stc.py:303)
[2026-09-03 | 18:11:52] INFO     [STRMCNTR] URL 14) Captured M3U8                                                  (stc.py:303)
[2026-09-03 | 18:11:52] INFO     [STRMCNTR] URL 15) Captured M3U8                                                  (stc.py:303)
[2026-09-03 | 18:11:55] INFO     [STRMCNTR] URL 16) Captured M3U8                                                  (stc.py:303)
[2026-09-03 | 18:11:55] INFO     [STRMCNTR] URL 17) Captured M3U8                                                  (stc.py:303)
[2026-09-03 | 18:11:55] INFO     [STRMCNTR] URL 18) Captured M3U8                                                  (stc.py:303)
[2026-09-03 | 18:11:56] INFO     [STRMCNTR] URL 19) Captured M3U8                                                  (stc.py:303)
[2026-09-03 | 18:11:56] INFO     [STRMCNTR] URL 20) Captured M3U8                                                  (stc.py:303)
[2026-09-03 | 18:11:58] INFO     [STRMCNTR] URL 21) Captured M3U8                                                  (stc.py:303)
[2026-09-03 | 18:11:58] INFO     [STRMCNTR] URL 22) Captured M3U8                                                  (stc.py:303)
[2026-09-03 | 18:11:59] INFO     [STRMCNTR] URL 23) Captured M3U8                                                  (stc.py:303)
[2026-09-03 | 18:11:59] INFO     [STRMCNTR] Collected 23 event(s)                                                  (stc.py:515)
[2026-09-03 | 21:10:13] INFO     [STRMCNTR] Scraping from "https://streamecenter.live"                             (stc.py:431)
[2026-09-03 | 21:10:15] INFO     [STRMCNTR] Processing 23 URL(s)                                                   (stc.py:459)
[2026-09-03 | 21:10:16] INFO     [STRMCNTR] URL 1) Captured M3U8                                                   (stc.py:303)
[2026-09-03 | 21:10:17] INFO     [STRMCNTR] URL 2) Captured M3U8                                                   (stc.py:303)
[2026-09-03 | 21:10:17] INFO     [STRMCNTR] URL 3) Captured M3U8                                                   (stc.py:303)
[2026-09-03 | 21:10:18] INFO     [STRMCNTR] URL 4) Captured M3U8                                                   (stc.py:303)
[2026-09-03 | 21:10:19] INFO     [STRMCNTR] URL 5) Captured M3U8                                                   (stc.py:303)
[2026-09-03 | 21:10:20] INFO     [STRMCNTR] URL 6) Captured M3U8                                                   (stc.py:303)
[2026-09-03 | 21:10:22] INFO     [STRMCNTR] URL 7) Captured M3U8                                                   (stc.py:303)
[2026-09-03 | 21:10:22] INFO     [STRMCNTR] URL 8) Captured M3U8                                                   (stc.py:303)
[2026-09-03 | 21:10:22] INFO     [STRMCNTR] URL 9) Captured M3U8                                                   (stc.py:303)
[2026-09-03 | 21:10:23] INFO     [STRMCNTR] URL 10) Captured M3U8                                                  (stc.py:303)
[2026-09-03 | 21:10:23] INFO     [STRMCNTR] URL 11) Captured M3U8                                                  (stc.py:303)
[2026-09-03 | 21:10:23] INFO     [STRMCNTR] URL 12) Captured M3U8                                                  (stc.py:303)
[2026-09-03 | 21:10:25] INFO     [STRMCNTR] URL 13) Captured M3U8                                                  (stc.py:303)
[2026-09-03 | 21:10:26] INFO     [STRMCNTR] URL 14) Captured M3U8                                                  (stc.py:303)
[2026-09-03 | 21:10:26] INFO     [STRMCNTR] URL 15) Captured M3U8                                                  (stc.py:303)
[2026-09-03 | 21:10:27] INFO     [STRMCNTR] URL 16) Captured M3U8                                                  (stc.py:303)
[2026-09-03 | 21:10:27] INFO     [STRMCNTR] URL 17) Captured M3U8                                                  (stc.py:303)
[2026-09-03 | 21:10:29] INFO     [STRMCNTR] URL 18) Captured M3U8                                                  (stc.py:303)
[2026-09-03 | 21:10:30] INFO     [STRMCNTR] URL 19) Captured M3U8                                                  (stc.py:303)
[2026-09-03 | 21:10:30] INFO     [STRMCNTR] URL 20) Captured M3U8                                                  (stc.py:303)
[2026-09-03 | 21:10:30] INFO     [STRMCNTR] URL 21) Captured M3U8                                                  (stc.py:303)
[2026-09-03 | 21:10:31] INFO     [STRMCNTR] URL 22) Captured M3U8                                                  (stc.py:303)
[2026-09-03 | 21:10:31] INFO     [STRMCNTR] URL 23) Captured M3U8                                                  (stc.py:303)
[2026-09-03 | 21:10:31] INFO     [STRMCNTR] Collected 23 event(s)                                                  (stc.py:515)
[2026-09-03 | 23:22:12] INFO     [STRMCNTR] Scraping from "https://streamecenter.live"                             (stc.py:431)
[2026-09-03 | 23:22:13] INFO     [STRMCNTR] Processing 23 URL(s)                                                   (stc.py:459)
[2026-09-03 | 23:22:13] INFO     [STRMCNTR] URL 1) Captured M3U8                                                   (stc.py:303)
[2026-09-03 | 23:22:14] INFO     [STRMCNTR] URL 2) Captured M3U8                                                   (stc.py:303)
[2026-09-03 | 23:22:15] INFO     [STRMCNTR] URL 3) Captured M3U8                                                   (stc.py:303)
[2026-09-03 | 23:22:15] INFO     [STRMCNTR] URL 4) Captured M3U8                                                   (stc.py:303)
[2026-09-03 | 23:22:15] INFO     [STRMCNTR] URL 5) Captured M3U8                                                   (stc.py:303)
[2026-09-03 | 23:22:17] INFO     [STRMCNTR] URL 6) Captured M3U8                                                   (stc.py:303)
[2026-09-03 | 23:22:17] INFO     [STRMCNTR] URL 7) Captured M3U8                                                   (stc.py:303)
[2026-09-03 | 23:22:18] INFO     [STRMCNTR] URL 8) Captured M3U8                                                   (stc.py:303)
[2026-09-03 | 23:22:18] INFO     [STRMCNTR] URL 9) Captured M3U8                                                   (stc.py:303)
[2026-09-03 | 23:22:18] INFO     [STRMCNTR] URL 10) Captured M3U8                                                  (stc.py:303)
[2026-09-03 | 23:22:18] INFO     [STRMCNTR] URL 11) Captured M3U8                                                  (stc.py:303)
[2026-09-03 | 23:22:19] INFO     [STRMCNTR] URL 12) Captured M3U8                                                  (stc.py:303)
[2026-09-03 | 23:22:20] INFO     [STRMCNTR] URL 13) Captured M3U8                                                  (stc.py:303)
[2026-09-03 | 23:22:21] INFO     [STRMCNTR] URL 14) Captured M3U8                                                  (stc.py:303)
[2026-09-03 | 23:22:21] INFO     [STRMCNTR] URL 15) Captured M3U8                                                  (stc.py:303)
[2026-09-03 | 23:22:21] INFO     [STRMCNTR] URL 16) Captured M3U8                                                  (stc.py:303)
[2026-09-03 | 23:22:21] INFO     [STRMCNTR] URL 17) Captured M3U8                                                  (stc.py:303)
[2026-09-03 | 23:22:22] INFO     [STRMCNTR] URL 18) Captured M3U8                                                  (stc.py:303)
[2026-09-03 | 23:22:22] INFO     [STRMCNTR] URL 19) Captured M3U8                                                  (stc.py:303)
[2026-09-03 | 23:22:24] INFO     [STRMCNTR] URL 20) Captured M3U8                                                  (stc.py:303)
[2026-09-03 | 23:22:25] INFO     [STRMCNTR] URL 21) Captured M3U8                                                  (stc.py:303)
[2026-09-03 | 23:22:25] INFO     [STRMCNTR] URL 22) Captured M3U8                                                  (stc.py:303)
[2026-09-03 | 23:22:25] INFO     [STRMCNTR] URL 23) Captured M3U8                                                  (stc.py:303)
[2026-09-03 | 23:22:25] INFO     [STRMCNTR] Collected 23 event(s)                                                  (stc.py:515)
[2026-09-04 | 01:06:23] INFO     [STRMCNTR] Scraping from "https://streamecenter.live"                             (stc.py:431)
[2026-09-04 | 01:06:25] INFO     [STRMCNTR] Processing 23 URL(s)                                                   (stc.py:459)
[2026-09-04 | 01:06:27] INFO     [STRMCNTR] URL 1) Captured M3U8                                                   (stc.py:303)
[2026-09-04 | 01:06:28] INFO     [STRMCNTR] URL 2) Captured M3U8                                                   (stc.py:303)
[2026-09-04 | 01:06:31] INFO     [STRMCNTR] URL 3) Captured M3U8                                                   (stc.py:303)
[2026-09-04 | 01:06:33] INFO     [STRMCNTR] URL 4) Captured M3U8                                                   (stc.py:303)
[2026-09-04 | 01:06:33] INFO     [STRMCNTR] URL 5) Captured M3U8                                                   (stc.py:303)
[2026-09-04 | 01:06:35] INFO     [STRMCNTR] URL 6) Captured M3U8                                                   (stc.py:303)
[2026-09-04 | 01:06:36] INFO     [STRMCNTR] URL 7) Captured M3U8                                                   (stc.py:303)
[2026-09-04 | 01:06:36] INFO     [STRMCNTR] URL 8) Captured M3U8                                                   (stc.py:303)
[2026-09-04 | 01:06:36] INFO     [STRMCNTR] URL 9) Captured M3U8                                                   (stc.py:303)
[2026-09-04 | 01:06:37] INFO     [STRMCNTR] URL 10) Captured M3U8                                                  (stc.py:303)
[2026-09-04 | 01:06:39] INFO     [STRMCNTR] URL 11) Captured M3U8                                                  (stc.py:303)
[2026-09-04 | 01:06:39] INFO     [STRMCNTR] URL 12) Captured M3U8                                                  (stc.py:303)
[2026-09-04 | 01:06:41] INFO     [STRMCNTR] URL 13) Captured M3U8                                                  (stc.py:303)
[2026-09-04 | 01:06:41] INFO     [STRMCNTR] URL 14) Captured M3U8                                                  (stc.py:303)
[2026-09-04 | 01:06:42] INFO     [STRMCNTR] URL 15) Captured M3U8                                                  (stc.py:303)
[2026-09-04 | 01:06:44] INFO     [STRMCNTR] URL 16) Captured M3U8                                                  (stc.py:303)
[2026-09-04 | 01:06:44] INFO     [STRMCNTR] URL 17) Captured M3U8                                                  (stc.py:303)
[2026-09-04 | 01:06:46] INFO     [STRMCNTR] URL 18) Captured M3U8                                                  (stc.py:303)
[2026-09-04 | 01:06:46] INFO     [STRMCNTR] URL 19) Captured M3U8                                                  (stc.py:303)
[2026-09-04 | 01:06:47] INFO     [STRMCNTR] URL 20) Captured M3U8                                                  (stc.py:303)
[2026-09-04 | 01:06:47] INFO     [STRMCNTR] URL 21) Captured M3U8                                                  (stc.py:303)
[2026-09-04 | 01:06:49] INFO     [STRMCNTR] URL 22) Captured M3U8                                                  (stc.py:303)
[2026-09-04 | 01:06:50] INFO     [STRMCNTR] URL 23) Captured M3U8                                                  (stc.py:303)
[2026-09-04 | 01:06:50] INFO     [STRMCNTR] Collected 23 event(s)                                                  (stc.py:515)
[2026-09-04 | 06:06:35] INFO     [STRMCNTR] Scraping from "https://streamecenter.live"                             (stc.py:431)
[2026-09-04 | 06:06:40] ERROR    [STRMCNTR] Failed to fetch "https://streamecenter.live/game-cards/embed":         (stc.py:198)
[2026-09-04 | 06:06:40] INFO     [STRMCNTR] No events found                                                        (stc.py:456)
[2026-09-04 | 11:31:27] INFO     [STRMCNTR] Scraping from "https://streamecenter.live"                             (stc.py:431)
[2026-09-04 | 11:31:29] INFO     [STRMCNTR] No events found                                                        (stc.py:456)
[2026-09-04 | 15:20:47] INFO     [STRMCNTR] Scraping from "https://streamecenter.live"                             (stc.py:431)
[2026-09-04 | 15:20:49] INFO     [STRMCNTR] Processing 31 URL(s)                                                   (stc.py:459)
[2026-09-04 | 15:20:49] INFO     [STRMCNTR] URL 1) Captured M3U8                                                   (stc.py:303)
[2026-09-04 | 15:20:50] INFO     [STRMCNTR] URL 2) Captured M3U8                                                   (stc.py:303)
[2026-09-04 | 15:20:50] INFO     [STRMCNTR] URL 3) Captured M3U8                                                   (stc.py:303)
[2026-09-04 | 15:20:50] INFO     [STRMCNTR] URL 4) Captured M3U8                                                   (stc.py:303)
[2026-09-04 | 15:20:51] INFO     [STRMCNTR] URL 5) Captured M3U8                                                   (stc.py:303)
[2026-09-04 | 15:20:51] INFO     [STRMCNTR] URL 6) Captured M3U8                                                   (stc.py:303)
[2026-09-04 | 15:20:51] INFO     [STRMCNTR] URL 7) Captured M3U8                                                   (stc.py:303)
[2026-09-04 | 15:20:52] INFO     [STRMCNTR] URL 8) Captured M3U8                                                   (stc.py:303)
[2026-09-04 | 15:20:52] INFO     [STRMCNTR] URL 9) Captured M3U8                                                   (stc.py:303)
[2026-09-04 | 15:20:52] INFO     [STRMCNTR] URL 10) Captured M3U8                                                  (stc.py:303)
[2026-09-04 | 15:20:53] INFO     [STRMCNTR] URL 11) Captured M3U8                                                  (stc.py:303)
[2026-09-04 | 15:20:53] INFO     [STRMCNTR] URL 12) Captured M3U8                                                  (stc.py:303)
[2026-09-04 | 15:20:54] INFO     [STRMCNTR] URL 13) Captured M3U8                                                  (stc.py:303)
[2026-09-04 | 15:20:54] INFO     [STRMCNTR] URL 14) Captured M3U8                                                  (stc.py:303)
[2026-09-04 | 15:20:54] INFO     [STRMCNTR] URL 15) Captured M3U8                                                  (stc.py:303)
[2026-09-04 | 15:20:55] INFO     [STRMCNTR] URL 16) Captured M3U8                                                  (stc.py:303)
[2026-09-04 | 15:20:55] INFO     [STRMCNTR] URL 17) Captured M3U8                                                  (stc.py:303)
[2026-09-04 | 15:20:55] INFO     [STRMCNTR] URL 18) Captured M3U8                                                  (stc.py:303)
[2026-09-04 | 15:20:56] INFO     [STRMCNTR] URL 19) Captured M3U8                                                  (stc.py:303)
[2026-09-04 | 15:20:56] INFO     [STRMCNTR] URL 20) Captured M3U8                                                  (stc.py:303)
[2026-09-04 | 15:20:56] INFO     [STRMCNTR] URL 21) Captured M3U8                                                  (stc.py:303)
[2026-09-04 | 15:20:57] INFO     [STRMCNTR] URL 22) Captured M3U8                                                  (stc.py:303)
[2026-09-04 | 15:20:57] INFO     [STRMCNTR] URL 23) Captured M3U8                                                  (stc.py:303)
[2026-09-04 | 15:20:58] INFO     [STRMCNTR] URL 24) Captured M3U8                                                  (stc.py:303)
[2026-09-04 | 15:20:58] INFO     [STRMCNTR] URL 25) Captured M3U8                                                  (stc.py:303)
[2026-09-04 | 15:20:58] INFO     [STRMCNTR] URL 26) Captured M3U8                                                  (stc.py:303)
[2026-09-04 | 15:20:59] INFO     [STRMCNTR] URL 27) Captured M3U8                                                  (stc.py:303)
[2026-09-04 | 15:20:59] INFO     [STRMCNTR] URL 28) Captured M3U8                                                  (stc.py:303)
[2026-09-04 | 15:20:59] INFO     [STRMCNTR] URL 29) Captured M3U8                                                  (stc.py:303)
[2026-09-04 | 15:21:00] INFO     [STRMCNTR] URL 30) Captured M3U8                                                  (stc.py:303)
[2026-09-04 | 15:21:00] INFO     [STRMCNTR] URL 31) Captured M3U8                                                  (stc.py:303)
[2026-09-04 | 15:21:00] INFO     [STRMCNTR] Collected 30 event(s)                                                  (stc.py:515)
[2026-09-04 | 18:30:42] INFO     [STRMCNTR] Scraping from "https://streamecenter.live"                             (stc.py:431)
[2026-09-04 | 18:30:43] INFO     [STRMCNTR] Processing 32 URL(s)                                                   (stc.py:459)
[2026-09-04 | 18:30:44] INFO     [STRMCNTR] URL 1) Captured M3U8                                                   (stc.py:303)
[2026-09-04 | 18:30:44] INFO     [STRMCNTR] URL 2) Captured M3U8                                                   (stc.py:303)
[2026-09-04 | 18:30:45] INFO     [STRMCNTR] URL 3) Captured M3U8                                                   (stc.py:303)
[2026-09-04 | 18:30:45] INFO     [STRMCNTR] URL 4) Captured M3U8                                                   (stc.py:303)
[2026-09-04 | 18:30:45] INFO     [STRMCNTR] URL 5) Captured M3U8                                                   (stc.py:303)
[2026-09-04 | 18:30:46] INFO     [STRMCNTR] URL 6) Captured M3U8                                                   (stc.py:303)
[2026-09-04 | 18:30:46] INFO     [STRMCNTR] URL 7) Captured M3U8                                                   (stc.py:303)
[2026-09-04 | 18:30:47] INFO     [STRMCNTR] URL 8) Captured M3U8                                                   (stc.py:303)
[2026-09-04 | 18:30:47] INFO     [STRMCNTR] URL 9) Captured M3U8                                                   (stc.py:303)
[2026-09-04 | 18:30:48] INFO     [STRMCNTR] URL 10) Captured M3U8                                                  (stc.py:303)
[2026-09-04 | 18:30:48] INFO     [STRMCNTR] URL 11) Captured M3U8                                                  (stc.py:303)
[2026-09-04 | 18:30:48] INFO     [STRMCNTR] URL 12) Captured M3U8                                                  (stc.py:303)
[2026-09-04 | 18:30:49] INFO     [STRMCNTR] URL 13) Captured M3U8                                                  (stc.py:303)
[2026-09-04 | 18:30:49] INFO     [STRMCNTR] URL 14) Captured M3U8                                                  (stc.py:303)
[2026-09-04 | 18:30:50] INFO     [STRMCNTR] URL 15) Captured M3U8                                                  (stc.py:303)
[2026-09-04 | 18:30:50] INFO     [STRMCNTR] URL 16) Captured M3U8                                                  (stc.py:303)
[2026-09-04 | 18:30:51] INFO     [STRMCNTR] URL 17) Captured M3U8                                                  (stc.py:303)
[2026-09-04 | 18:30:51] INFO     [STRMCNTR] URL 18) Captured M3U8                                                  (stc.py:303)
[2026-09-04 | 18:30:51] INFO     [STRMCNTR] URL 19) Captured M3U8                                                  (stc.py:303)
[2026-09-04 | 18:30:52] INFO     [STRMCNTR] URL 20) Captured M3U8                                                  (stc.py:303)
[2026-09-04 | 18:30:52] INFO     [STRMCNTR] URL 21) Captured M3U8                                                  (stc.py:303)
[2026-09-04 | 18:30:53] INFO     [STRMCNTR] URL 22) Captured M3U8                                                  (stc.py:303)
[2026-09-04 | 18:30:53] INFO     [STRMCNTR] URL 23) Captured M3U8                                                  (stc.py:303)
[2026-09-04 | 18:30:54] INFO     [STRMCNTR] URL 24) Captured M3U8                                                  (stc.py:303)
[2026-09-04 | 18:30:54] INFO     [STRMCNTR] URL 25) Captured M3U8                                                  (stc.py:303)
[2026-09-04 | 18:30:54] INFO     [STRMCNTR] URL 26) Captured M3U8                                                  (stc.py:303)
[2026-09-04 | 18:30:55] INFO     [STRMCNTR] URL 27) Captured M3U8                                                  (stc.py:303)
[2026-09-04 | 18:30:55] INFO     [STRMCNTR] URL 28) Captured M3U8                                                  (stc.py:303)
[2026-09-04 | 18:30:56] INFO     [STRMCNTR] URL 29) Captured M3U8                                                  (stc.py:303)
[2026-09-04 | 18:30:56] INFO     [STRMCNTR] URL 30) Captured M3U8                                                  (stc.py:303)
[2026-09-04 | 18:30:57] INFO     [STRMCNTR] URL 31) Captured M3U8                                                  (stc.py:303)
[2026-09-04 | 18:30:57] INFO     [STRMCNTR] URL 32) Captured M3U8                                                  (stc.py:303)
[2026-09-04 | 18:30:57] INFO     [STRMCNTR] Collected 31 event(s)                                                  (stc.py:515)
[2026-09-04 | 21:07:48] INFO     [STRMCNTR] Scraping from "https://streamecenter.live"                             (stc.py:431)
[2026-09-04 | 21:07:49] INFO     [STRMCNTR] Processing 32 URL(s)                                                   (stc.py:459)
[2026-09-04 | 21:07:49] INFO     [STRMCNTR] URL 1) Captured M3U8                                                   (stc.py:303)
[2026-09-04 | 21:07:49] INFO     [STRMCNTR] URL 2) Captured M3U8                                                   (stc.py:303)
[2026-09-04 | 21:07:50] INFO     [STRMCNTR] URL 3) Captured M3U8                                                   (stc.py:303)
[2026-09-04 | 21:07:50] INFO     [STRMCNTR] URL 4) Captured M3U8                                                   (stc.py:303)
[2026-09-04 | 21:07:50] INFO     [STRMCNTR] URL 5) Captured M3U8                                                   (stc.py:303)
[2026-09-04 | 21:07:51] INFO     [STRMCNTR] URL 6) Captured M3U8                                                   (stc.py:303)
[2026-09-04 | 21:07:51] INFO     [STRMCNTR] URL 7) Captured M3U8                                                   (stc.py:303)
[2026-09-04 | 21:07:51] INFO     [STRMCNTR] URL 8) Captured M3U8                                                   (stc.py:303)
[2026-09-04 | 21:07:51] INFO     [STRMCNTR] URL 9) Captured M3U8                                                   (stc.py:303)
[2026-09-04 | 21:07:52] INFO     [STRMCNTR] URL 10) Captured M3U8                                                  (stc.py:303)
[2026-09-04 | 21:07:52] INFO     [STRMCNTR] URL 11) Captured M3U8                                                  (stc.py:303)
[2026-09-04 | 21:07:52] INFO     [STRMCNTR] URL 12) Captured M3U8                                                  (stc.py:303)
[2026-09-04 | 21:07:53] INFO     [STRMCNTR] URL 13) Captured M3U8                                                  (stc.py:303)
[2026-09-04 | 21:07:53] INFO     [STRMCNTR] URL 14) Captured M3U8                                                  (stc.py:303)
[2026-09-04 | 21:07:53] INFO     [STRMCNTR] URL 15) Captured M3U8                                                  (stc.py:303)
[2026-09-04 | 21:07:53] INFO     [STRMCNTR] URL 16) Captured M3U8                                                  (stc.py:303)
[2026-09-04 | 21:07:54] INFO     [STRMCNTR] URL 17) Captured M3U8                                                  (stc.py:303)
[2026-09-04 | 21:07:54] INFO     [STRMCNTR] URL 18) Captured M3U8                                                  (stc.py:303)
[2026-09-04 | 21:07:54] INFO     [STRMCNTR] URL 19) Captured M3U8                                                  (stc.py:303)
[2026-09-04 | 21:07:55] INFO     [STRMCNTR] URL 20) Captured M3U8                                                  (stc.py:303)
[2026-09-04 | 21:07:55] INFO     [STRMCNTR] URL 21) Captured M3U8                                                  (stc.py:303)
[2026-09-04 | 21:07:55] INFO     [STRMCNTR] URL 22) Captured M3U8                                                  (stc.py:303)
[2026-09-04 | 21:07:55] INFO     [STRMCNTR] URL 23) Captured M3U8                                                  (stc.py:303)
[2026-09-04 | 21:07:56] INFO     [STRMCNTR] URL 24) Captured M3U8                                                  (stc.py:303)
[2026-09-04 | 21:07:56] INFO     [STRMCNTR] URL 25) Captured M3U8                                                  (stc.py:303)
[2026-09-04 | 21:07:56] INFO     [STRMCNTR] URL 26) Captured M3U8                                                  (stc.py:303)
[2026-09-04 | 21:07:56] INFO     [STRMCNTR] URL 27) Captured M3U8                                                  (stc.py:303)
[2026-09-04 | 21:07:57] INFO     [STRMCNTR] URL 28) Captured M3U8                                                  (stc.py:303)
[2026-09-04 | 21:07:57] INFO     [STRMCNTR] URL 29) Captured M3U8                                                  (stc.py:303)
[2026-09-04 | 21:07:57] INFO     [STRMCNTR] URL 30) Captured M3U8                                                  (stc.py:303)
[2026-09-04 | 21:07:58] INFO     [STRMCNTR] URL 31) Captured M3U8                                                  (stc.py:303)
[2026-09-04 | 21:07:58] INFO     [STRMCNTR] URL 32) Captured M3U8                                                  (stc.py:303)
[2026-09-04 | 21:07:58] INFO     [STRMCNTR] Collected 31 event(s)                                                  (stc.py:515)
[2026-09-04 | 23:06:53] INFO     [STRMCNTR] Scraping from "https://streamecenter.live"                             (stc.py:431)
[2026-09-04 | 23:06:54] INFO     [STRMCNTR] Processing 32 URL(s)                                                   (stc.py:459)
[2026-09-04 | 23:06:55] INFO     [STRMCNTR] URL 1) Captured M3U8                                                   (stc.py:303)
[2026-09-04 | 23:06:55] INFO     [STRMCNTR] URL 2) Captured M3U8                                                   (stc.py:303)
[2026-09-04 | 23:06:56] INFO     [STRMCNTR] URL 3) Captured M3U8                                                   (stc.py:303)
[2026-09-04 | 23:06:56] INFO     [STRMCNTR] URL 4) Captured M3U8                                                   (stc.py:303)
[2026-09-04 | 23:06:56] INFO     [STRMCNTR] URL 5) Captured M3U8                                                   (stc.py:303)
[2026-09-04 | 23:06:57] INFO     [STRMCNTR] URL 6) Captured M3U8                                                   (stc.py:303)
[2026-09-04 | 23:06:57] INFO     [STRMCNTR] URL 7) Captured M3U8                                                   (stc.py:303)
[2026-09-04 | 23:06:57] INFO     [STRMCNTR] URL 8) Captured M3U8                                                   (stc.py:303)
[2026-09-04 | 23:06:58] INFO     [STRMCNTR] URL 9) Captured M3U8                                                   (stc.py:303)
[2026-09-04 | 23:06:58] INFO     [STRMCNTR] URL 10) Captured M3U8                                                  (stc.py:303)
[2026-09-04 | 23:06:59] INFO     [STRMCNTR] URL 11) Captured M3U8                                                  (stc.py:303)
[2026-09-04 | 23:06:59] INFO     [STRMCNTR] URL 12) Captured M3U8                                                  (stc.py:303)
[2026-09-04 | 23:06:59] INFO     [STRMCNTR] URL 13) Captured M3U8                                                  (stc.py:303)
[2026-09-04 | 23:07:00] INFO     [STRMCNTR] URL 14) Captured M3U8                                                  (stc.py:303)
[2026-09-04 | 23:07:00] INFO     [STRMCNTR] URL 15) Captured M3U8                                                  (stc.py:303)
[2026-09-04 | 23:07:00] INFO     [STRMCNTR] URL 16) Captured M3U8                                                  (stc.py:303)
[2026-09-04 | 23:07:01] INFO     [STRMCNTR] URL 17) Captured M3U8                                                  (stc.py:303)
[2026-09-04 | 23:07:01] INFO     [STRMCNTR] URL 18) Captured M3U8                                                  (stc.py:303)
[2026-09-04 | 23:07:01] INFO     [STRMCNTR] URL 19) Captured M3U8                                                  (stc.py:303)
[2026-09-04 | 23:07:02] INFO     [STRMCNTR] URL 20) Captured M3U8                                                  (stc.py:303)
[2026-09-04 | 23:07:02] INFO     [STRMCNTR] URL 21) Captured M3U8                                                  (stc.py:303)
[2026-09-04 | 23:07:02] INFO     [STRMCNTR] URL 22) Captured M3U8                                                  (stc.py:303)
[2026-09-04 | 23:07:03] INFO     [STRMCNTR] URL 23) Captured M3U8                                                  (stc.py:303)
[2026-09-04 | 23:07:03] INFO     [STRMCNTR] URL 24) Captured M3U8                                                  (stc.py:303)
[2026-09-04 | 23:07:03] INFO     [STRMCNTR] URL 25) Captured M3U8                                                  (stc.py:303)
[2026-09-04 | 23:07:04] INFO     [STRMCNTR] URL 26) Captured M3U8                                                  (stc.py:303)
[2026-09-04 | 23:07:04] INFO     [STRMCNTR] URL 27) Captured M3U8                                                  (stc.py:303)
[2026-09-04 | 23:07:05] INFO     [STRMCNTR] URL 28) Captured M3U8                                                  (stc.py:303)
[2026-09-04 | 23:07:05] INFO     [STRMCNTR] URL 29) Captured M3U8                                                  (stc.py:303)
[2026-09-04 | 23:07:05] INFO     [STRMCNTR] URL 30) Captured M3U8                                                  (stc.py:303)
[2026-09-04 | 23:07:06] INFO     [STRMCNTR] URL 31) Captured M3U8                                                  (stc.py:303)
[2026-09-04 | 23:07:06] INFO     [STRMCNTR] URL 32) Captured M3U8                                                  (stc.py:303)
[2026-09-04 | 23:07:06] INFO     [STRMCNTR] Collected 31 event(s)                                                  (stc.py:515)
[2026-09-05 | 01:09:05] INFO     [STRMCNTR] Scraping from "https://streamecenter.live"                             (stc.py:431)
[2026-09-05 | 01:09:06] INFO     [STRMCNTR] Processing 32 URL(s)                                                   (stc.py:459)
[2026-09-05 | 01:09:07] INFO     [STRMCNTR] URL 1) Captured M3U8                                                   (stc.py:303)
[2026-09-05 | 01:09:07] INFO     [STRMCNTR] URL 2) Captured M3U8                                                   (stc.py:303)
[2026-09-05 | 01:09:08] INFO     [STRMCNTR] URL 3) Captured M3U8                                                   (stc.py:303)
[2026-09-05 | 01:09:08] INFO     [STRMCNTR] URL 4) Captured M3U8                                                   (stc.py:303)
[2026-09-05 | 01:09:08] INFO     [STRMCNTR] URL 5) Captured M3U8                                                   (stc.py:303)
[2026-09-05 | 01:09:08] INFO     [STRMCNTR] URL 6) Captured M3U8                                                   (stc.py:303)
[2026-09-05 | 01:09:09] INFO     [STRMCNTR] URL 7) Captured M3U8                                                   (stc.py:303)
[2026-09-05 | 01:09:09] INFO     [STRMCNTR] URL 8) Captured M3U8                                                   (stc.py:303)
[2026-09-05 | 01:09:09] INFO     [STRMCNTR] URL 9) Captured M3U8                                                   (stc.py:303)
[2026-09-05 | 01:09:10] INFO     [STRMCNTR] URL 10) Captured M3U8                                                  (stc.py:303)
[2026-09-05 | 01:09:10] INFO     [STRMCNTR] URL 11) Captured M3U8                                                  (stc.py:303)
[2026-09-05 | 01:09:10] INFO     [STRMCNTR] URL 12) Captured M3U8                                                  (stc.py:303)
[2026-09-05 | 01:09:11] INFO     [STRMCNTR] URL 13) Captured M3U8                                                  (stc.py:303)
[2026-09-05 | 01:09:11] INFO     [STRMCNTR] URL 14) Captured M3U8                                                  (stc.py:303)
[2026-09-05 | 01:09:11] INFO     [STRMCNTR] URL 15) Captured M3U8                                                  (stc.py:303)
[2026-09-05 | 01:09:11] INFO     [STRMCNTR] URL 16) Captured M3U8                                                  (stc.py:303)
[2026-09-05 | 01:09:12] INFO     [STRMCNTR] URL 17) Captured M3U8                                                  (stc.py:303)
[2026-09-05 | 01:09:12] INFO     [STRMCNTR] URL 18) Captured M3U8                                                  (stc.py:303)
[2026-09-05 | 01:09:12] INFO     [STRMCNTR] URL 19) Captured M3U8                                                  (stc.py:303)
[2026-09-05 | 01:09:13] INFO     [STRMCNTR] URL 20) Captured M3U8                                                  (stc.py:303)
[2026-09-05 | 01:09:13] INFO     [STRMCNTR] URL 21) Captured M3U8                                                  (stc.py:303)
[2026-09-05 | 01:09:13] INFO     [STRMCNTR] URL 22) Captured M3U8                                                  (stc.py:303)
[2026-09-05 | 01:09:13] INFO     [STRMCNTR] URL 23) Captured M3U8                                                  (stc.py:303)
[2026-09-05 | 01:09:14] INFO     [STRMCNTR] URL 24) Captured M3U8                                                  (stc.py:303)
[2026-09-05 | 01:09:14] INFO     [STRMCNTR] URL 25) Captured M3U8                                                  (stc.py:303)
[2026-09-05 | 01:09:14] INFO     [STRMCNTR] URL 26) Captured M3U8                                                  (stc.py:303)
[2026-09-05 | 01:09:15] INFO     [STRMCNTR] URL 27) Captured M3U8                                                  (stc.py:303)
[2026-09-05 | 01:09:15] INFO     [STRMCNTR] URL 28) Captured M3U8                                                  (stc.py:303)
[2026-09-05 | 01:09:15] INFO     [STRMCNTR] URL 29) Captured M3U8                                                  (stc.py:303)
[2026-09-05 | 01:09:16] INFO     [STRMCNTR] URL 30) Captured M3U8                                                  (stc.py:303)
[2026-09-05 | 01:09:16] INFO     [STRMCNTR] URL 31) Captured M3U8                                                  (stc.py:303)
[2026-09-05 | 01:09:16] INFO     [STRMCNTR] URL 32) Captured M3U8                                                  (stc.py:303)
[2026-09-05 | 01:09:16] INFO     [STRMCNTR] Collected 31 event(s)                                                  (stc.py:515)
[2026-09-05 | 05:55:59] INFO     [STRMCNTR] Scraping from "https://streamecenter.live"                             (stc.py:431)
[2026-09-05 | 05:56:00] INFO     [STRMCNTR] Processing 80 URL(s)                                                   (stc.py:459)
[2026-09-05 | 05:56:01] INFO     [STRMCNTR] URL 1) Captured M3U8                                                   (stc.py:303)
[2026-09-05 | 05:56:01] INFO     [STRMCNTR] URL 2) Captured M3U8                                                   (stc.py:303)
[2026-09-05 | 05:56:02] INFO     [STRMCNTR] URL 3) Captured M3U8                                                   (stc.py:303)
[2026-09-05 | 05:56:02] INFO     [STRMCNTR] URL 4) Captured M3U8                                                   (stc.py:303)
[2026-09-05 | 05:56:03] INFO     [STRMCNTR] URL 5) Captured M3U8                                                   (stc.py:303)
[2026-09-05 | 05:56:03] INFO     [STRMCNTR] URL 6) Captured M3U8                                                   (stc.py:303)
[2026-09-05 | 05:56:04] INFO     [STRMCNTR] URL 7) Captured M3U8                                                   (stc.py:303)
[2026-09-05 | 05:56:04] INFO     [STRMCNTR] URL 8) Captured M3U8                                                   (stc.py:303)
[2026-09-05 | 05:56:05] INFO     [STRMCNTR] URL 9) Captured M3U8                                                   (stc.py:303)
[2026-09-05 | 05:56:05] INFO     [STRMCNTR] URL 10) Captured M3U8                                                  (stc.py:303)
[2026-09-05 | 05:56:06] INFO     [STRMCNTR] URL 11) Captured M3U8                                                  (stc.py:303)
[2026-09-05 | 05:56:06] INFO     [STRMCNTR] URL 12) Captured M3U8                                                  (stc.py:303)
[2026-09-05 | 05:56:06] INFO     [STRMCNTR] URL 13) Captured M3U8                                                  (stc.py:303)
[2026-09-05 | 05:56:07] INFO     [STRMCNTR] URL 14) Captured M3U8                                                  (stc.py:303)
[2026-09-05 | 05:56:07] INFO     [STRMCNTR] URL 15) Captured M3U8                                                  (stc.py:303)
[2026-09-05 | 05:56:08] INFO     [STRMCNTR] URL 16) Captured M3U8                                                  (stc.py:303)
[2026-09-05 | 05:56:08] INFO     [STRMCNTR] URL 17) Captured M3U8                                                  (stc.py:303)
[2026-09-05 | 05:56:09] INFO     [STRMCNTR] URL 18) Captured M3U8                                                  (stc.py:303)
[2026-09-05 | 05:56:09] INFO     [STRMCNTR] URL 19) Captured M3U8                                                  (stc.py:303)
[2026-09-05 | 05:56:10] INFO     [STRMCNTR] URL 20) Captured M3U8                                                  (stc.py:303)
[2026-09-05 | 05:56:10] INFO     [STRMCNTR] URL 21) Captured M3U8                                                  (stc.py:303)
[2026-09-05 | 05:56:11] INFO     [STRMCNTR] URL 22) Captured M3U8                                                  (stc.py:303)
[2026-09-05 | 05:56:11] INFO     [STRMCNTR] URL 23) Captured M3U8                                                  (stc.py:303)
[2026-09-05 | 05:56:12] INFO     [STRMCNTR] URL 24) Captured M3U8                                                  (stc.py:303)
[2026-09-05 | 05:56:12] INFO     [STRMCNTR] URL 25) Captured M3U8                                                  (stc.py:303)
[2026-09-05 | 05:56:12] INFO     [STRMCNTR] URL 26) Captured M3U8                                                  (stc.py:303)
[2026-09-05 | 05:56:13] INFO     [STRMCNTR] URL 27) Captured M3U8                                                  (stc.py:303)
[2026-09-05 | 05:56:13] ERROR    [STRMCNTR] URL 28) Failed to fetch "https://streamecenter.live/api/stream-link/iframe/event-espn-league-football-college-football-401858426/732214dd-c905-47b9-84c7-88fdfc5719b9": Client error '404 Not Found' for url 'https://streamcenter.st/api/stream-link/iframe/event-espn-league-football-college-football-401858426/732214dd-c905-47b9-84c7-88fdfc5719b9'
For more information check: https://developer.mozilla.org/en-US/docs/Web/HTTP/Status/404 (stc.py:206)
[2026-09-05 | 05:56:14] INFO     [STRMCNTR] URL 29) Captured M3U8                                                  (stc.py:303)
[2026-09-05 | 05:56:14] INFO     [STRMCNTR] URL 30) Captured M3U8                                                  (stc.py:303)
[2026-09-05 | 05:56:15] INFO     [STRMCNTR] URL 31) Captured M3U8                                                  (stc.py:303)
[2026-09-05 | 05:56:15] INFO     [STRMCNTR] URL 32) Captured M3U8                                                  (stc.py:303)
[2026-09-05 | 05:56:15] INFO     [STRMCNTR] URL 33) Captured M3U8                                                  (stc.py:303)
[2026-09-05 | 05:56:16] INFO     [STRMCNTR] URL 34) Captured M3U8                                                  (stc.py:303)
[2026-09-05 | 05:56:16] INFO     [STRMCNTR] URL 35) Captured M3U8                                                  (stc.py:303)
[2026-09-05 | 05:56:17] INFO     [STRMCNTR] URL 36) Captured M3U8                                                  (stc.py:303)
[2026-09-05 | 05:56:17] INFO     [STRMCNTR] URL 37) Captured M3U8                                                  (stc.py:303)
[2026-09-05 | 05:56:18] INFO     [STRMCNTR] URL 38) Captured M3U8                                                  (stc.py:303)
[2026-09-05 | 05:56:18] INFO     [STRMCNTR] URL 39) Captured M3U8                                                  (stc.py:303)
[2026-09-05 | 05:56:19] INFO     [STRMCNTR] URL 40) Captured M3U8                                                  (stc.py:303)
[2026-09-05 | 05:56:19] INFO     [STRMCNTR] URL 41) Captured M3U8                                                  (stc.py:303)
[2026-09-05 | 05:56:20] INFO     [STRMCNTR] URL 42) Captured M3U8                                                  (stc.py:303)
[2026-09-05 | 05:56:20] INFO     [STRMCNTR] URL 43) Captured M3U8                                                  (stc.py:303)
[2026-09-05 | 05:56:20] INFO     [STRMCNTR] URL 44) Captured M3U8                                                  (stc.py:303)
[2026-09-05 | 05:56:21] INFO     [STRMCNTR] URL 45) Captured M3U8                                                  (stc.py:303)
[2026-09-05 | 05:56:21] INFO     [STRMCNTR] URL 46) Captured M3U8                                                  (stc.py:303)
[2026-09-05 | 05:56:22] INFO     [STRMCNTR] URL 47) Captured M3U8                                                  (stc.py:303)
[2026-09-05 | 05:56:22] INFO     [STRMCNTR] URL 48) Captured M3U8                                                  (stc.py:303)
[2026-09-05 | 05:56:23] INFO     [STRMCNTR] URL 49) Captured M3U8                                                  (stc.py:303)
[2026-09-05 | 05:56:23] INFO     [STRMCNTR] URL 50) Captured M3U8                                                  (stc.py:303)
[2026-09-05 | 05:56:24] INFO     [STRMCNTR] URL 51) Captured M3U8                                                  (stc.py:303)
[2026-09-05 | 05:56:24] INFO     [STRMCNTR] URL 52) Captured M3U8                                                  (stc.py:303)
[2026-09-05 | 05:56:24] INFO     [STRMCNTR] URL 53) Captured M3U8                                                  (stc.py:303)
[2026-09-05 | 05:56:25] INFO     [STRMCNTR] URL 54) Captured M3U8                                                  (stc.py:303)
[2026-09-05 | 05:56:25] INFO     [STRMCNTR] URL 55) Captured M3U8                                                  (stc.py:303)
[2026-09-05 | 05:56:26] INFO     [STRMCNTR] URL 56) Captured M3U8                                                  (stc.py:303)
[2026-09-05 | 05:56:26] INFO     [STRMCNTR] URL 57) Captured M3U8                                                  (stc.py:303)
[2026-09-05 | 05:56:27] INFO     [STRMCNTR] URL 58) Captured M3U8                                                  (stc.py:303)
[2026-09-05 | 05:56:27] INFO     [STRMCNTR] URL 59) Captured M3U8                                                  (stc.py:303)
[2026-09-05 | 05:56:28] INFO     [STRMCNTR] URL 60) Captured M3U8                                                  (stc.py:303)
[2026-09-05 | 05:56:28] ERROR    [STRMCNTR] URL 61) Failed to fetch "https://streamecenter.live/api/stream-link/iframe/event-espn-league-soccer-fra-1-401876474/9801d824-ade0-41a2-83a5-92d28c13331c": Client error '429 Too Many Requests' for url 'https://streamcenter.st/api/stream-link/iframe/event-espn-league-soccer-fra-1-401876474/9801d824-ade0-41a2-83a5-92d28c13331c'
For more information check: https://developer.mozilla.org/en-US/docs/Web/HTTP/Status/429 (stc.py:206)
[2026-09-05 | 05:56:28] ERROR    [STRMCNTR] URL 62) Failed to fetch "https://streamecenter.live/api/stream-link/iframe/event-espn-league-soccer-ita-1-401874781/e36a0f45-5e68-4efa-97b6-2c00bf8811d9": Client error '429 Too Many Requests' for url 'https://streamcenter.st/api/stream-link/iframe/event-espn-league-soccer-ita-1-401874781/e36a0f45-5e68-4efa-97b6-2c00bf8811d9'
For more information check: https://developer.mozilla.org/en-US/docs/Web/HTTP/Status/429 (stc.py:206)
[2026-09-05 | 05:56:29] ERROR    [STRMCNTR] URL 63) Failed to fetch "https://streamecenter.live/api/stream-link/iframe/event-espn-league-soccer-esp-1-401882887/df42acc0-98ed-4a9d-a0c6-1db7c4750781": Client error '429 Too Many Requests' for url 'https://streamcenter.st/api/stream-link/iframe/event-espn-league-soccer-esp-1-401882887/df42acc0-98ed-4a9d-a0c6-1db7c4750781'
For more information check: https://developer.mozilla.org/en-US/docs/Web/HTTP/Status/429 (stc.py:206)
[2026-09-05 | 05:56:29] ERROR    [STRMCNTR] URL 64) Failed to fetch "https://streamecenter.live/api/stream-link/iframe/event-espn-league-racing-f1-600057442-401839100/4468ea17-4811-405d-ac10-c703f26ad635": Client error '429 Too Many Requests' for url 'https://streamcenter.st/api/stream-link/iframe/event-espn-league-racing-f1-600057442-401839100/4468ea17-4811-405d-ac10-c703f26ad635'
For more information check: https://developer.mozilla.org/en-US/docs/Web/HTTP/Status/429 (stc.py:206)
[2026-09-05 | 05:56:29] ERROR    [STRMCNTR] URL 65) Failed to fetch "https://streamecenter.live/api/stream-link/iframe/event-espn-league-racing-f1-600057442-401839101/1a07b498-0a51-4ced-89f2-d0bc5e4e40d3": Client error '429 Too Many Requests' for url 'https://streamcenter.st/api/stream-link/iframe/event-espn-league-racing-f1-600057442-401839101/1a07b498-0a51-4ced-89f2-d0bc5e4e40d3'
For more information check: https://developer.mozilla.org/en-US/docs/Web/HTTP/Status/429 (stc.py:206)
[2026-09-05 | 05:56:29] ERROR    [STRMCNTR] URL 66) Failed to fetch "https://streamecenter.live/api/stream-link/iframe/event-espn-league-baseball-mlb-401816815/36896cf1-1682-481f-8407-a452df2eae0d": Client error '429 Too Many Requests' for url 'https://streamcenter.st/api/stream-link/iframe/event-espn-league-baseball-mlb-401816815/36896cf1-1682-481f-8407-a452df2eae0d'
For more information check: https://developer.mozilla.org/en-US/docs/Web/HTTP/Status/429 (stc.py:206)
[2026-09-05 | 05:56:30] ERROR    [STRMCNTR] URL 67) Failed to fetch "https://streamecenter.live/api/stream-link/iframe/event-espn-league-baseball-mlb-401816818/b332420d-06a5-4cff-a4c2-a1e00c774c13": Client error '429 Too Many Requests' for url 'https://streamcenter.st/api/stream-link/iframe/event-espn-league-baseball-mlb-401816818/b332420d-06a5-4cff-a4c2-a1e00c774c13'
For more information check: https://developer.mozilla.org/en-US/docs/Web/HTTP/Status/429 (stc.py:206)
[2026-09-05 | 05:56:30] ERROR    [STRMCNTR] URL 68) Failed to fetch "https://streamecenter.live/api/stream-link/iframe/event-espn-league-baseball-mlb-401816813/ac54e9ef-6845-4ed6-84d1-f6d9150ae770": Client error '429 Too Many Requests' for url 'https://streamcenter.st/api/stream-link/iframe/event-espn-league-baseball-mlb-401816813/ac54e9ef-6845-4ed6-84d1-f6d9150ae770'
For more information check: https://developer.mozilla.org/en-US/docs/Web/HTTP/Status/429 (stc.py:206)
[2026-09-05 | 05:56:30] ERROR    [STRMCNTR] URL 69) Failed to fetch "https://streamecenter.live/api/stream-link/iframe/event-espn-league-baseball-mlb-401816816/5f34539d-da8c-4a00-ad2b-22659e637692": Client error '429 Too Many Requests' for url 'https://streamcenter.st/api/stream-link/iframe/event-espn-league-baseball-mlb-401816816/5f34539d-da8c-4a00-ad2b-22659e637692'
For more information check: https://developer.mozilla.org/en-US/docs/Web/HTTP/Status/429 (stc.py:206)
[2026-09-05 | 05:56:31] ERROR    [STRMCNTR] URL 70) Failed to fetch "https://streamecenter.live/api/stream-link/iframe/event-espn-league-baseball-mlb-401816812/fec9ff6e-b00e-4f56-a67b-e98f12877f2c": Client error '429 Too Many Requests' for url 'https://streamcenter.st/api/stream-link/iframe/event-espn-league-baseball-mlb-401816812/fec9ff6e-b00e-4f56-a67b-e98f12877f2c'
For more information check: https://developer.mozilla.org/en-US/docs/Web/HTTP/Status/429 (stc.py:206)
[2026-09-05 | 05:56:31] ERROR    [STRMCNTR] URL 71) Failed to fetch "https://streamecenter.live/api/stream-link/iframe/event-espn-league-baseball-mlb-401816817/81f1a916-22b6-4658-9bdb-9474c5d85e80": Client error '429 Too Many Requests' for url 'https://streamcenter.st/api/stream-link/iframe/event-espn-league-baseball-mlb-401816817/81f1a916-22b6-4658-9bdb-9474c5d85e80'
For more information check: https://developer.mozilla.org/en-US/docs/Web/HTTP/Status/429 (stc.py:206)
[2026-09-05 | 05:56:31] ERROR    [STRMCNTR] URL 72) Failed to fetch "https://streamecenter.live/api/stream-link/iframe/event-espn-league-baseball-mlb-401816814/383e56b5-921c-4c4d-ab5e-7b46ef0c9f94": Client error '429 Too Many Requests' for url 'https://streamcenter.st/api/stream-link/iframe/event-espn-league-baseball-mlb-401816814/383e56b5-921c-4c4d-ab5e-7b46ef0c9f94'
For more information check: https://developer.mozilla.org/en-US/docs/Web/HTTP/Status/429 (stc.py:206)
[2026-09-05 | 05:56:31] ERROR    [STRMCNTR] URL 73) Failed to fetch "https://streamecenter.live/api/stream-link/iframe/event-espn-league-baseball-mlb-401816821/38f9eea3-ec8d-450b-8762-8ddee2b7efed": Client error '429 Too Many Requests' for url 'https://streamcenter.st/api/stream-link/iframe/event-espn-league-baseball-mlb-401816821/38f9eea3-ec8d-450b-8762-8ddee2b7efed'
For more information check: https://developer.mozilla.org/en-US/docs/Web/HTTP/Status/429 (stc.py:206)
[2026-09-05 | 05:56:32] ERROR    [STRMCNTR] URL 74) Failed to fetch "https://streamecenter.live/api/stream-link/iframe/event-espn-league-baseball-mlb-401816820/4b6968f3-57be-49a0-8b77-66f8049af20a": Client error '429 Too Many Requests' for url 'https://streamcenter.st/api/stream-link/iframe/event-espn-league-baseball-mlb-401816820/4b6968f3-57be-49a0-8b77-66f8049af20a'
For more information check: https://developer.mozilla.org/en-US/docs/Web/HTTP/Status/429 (stc.py:206)
[2026-09-05 | 05:56:32] ERROR    [STRMCNTR] URL 75) Failed to fetch "https://streamecenter.live/api/stream-link/iframe/event-espn-league-baseball-mlb-401816822/4927ce3e-30b8-47fc-b08c-3987d0638437": Client error '429 Too Many Requests' for url 'https://streamcenter.st/api/stream-link/iframe/event-espn-league-baseball-mlb-401816822/4927ce3e-30b8-47fc-b08c-3987d0638437'
For more information check: https://developer.mozilla.org/en-US/docs/Web/HTTP/Status/429 (stc.py:206)
[2026-09-05 | 05:56:32] ERROR    [STRMCNTR] URL 76) Failed to fetch "https://streamecenter.live/api/stream-link/iframe/event-espn-league-baseball-mlb-401816819/5ea765f0-a08e-45d2-9aca-fd8eacb785bd": Client error '429 Too Many Requests' for url 'https://streamcenter.st/api/stream-link/iframe/event-espn-league-baseball-mlb-401816819/5ea765f0-a08e-45d2-9aca-fd8eacb785bd'
For more information check: https://developer.mozilla.org/en-US/docs/Web/HTTP/Status/429 (stc.py:206)
[2026-09-05 | 05:56:33] ERROR    [STRMCNTR] URL 77) Failed to fetch "https://streamecenter.live/api/stream-link/iframe/event-espn-league-baseball-mlb-401816825/c74718c9-5df0-4595-a7d4-bc4817aabe83": Client error '429 Too Many Requests' for url 'https://streamcenter.st/api/stream-link/iframe/event-espn-league-baseball-mlb-401816825/c74718c9-5df0-4595-a7d4-bc4817aabe83'
For more information check: https://developer.mozilla.org/en-US/docs/Web/HTTP/Status/429 (stc.py:206)
[2026-09-05 | 05:56:33] ERROR    [STRMCNTR] URL 78) Failed to fetch "https://streamecenter.live/api/stream-link/iframe/event-espn-league-baseball-mlb-401816823/260e4320-f27d-4523-bdfe-2645eaba2a15": Client error '429 Too Many Requests' for url 'https://streamcenter.st/api/stream-link/iframe/event-espn-league-baseball-mlb-401816823/260e4320-f27d-4523-bdfe-2645eaba2a15'
For more information check: https://developer.mozilla.org/en-US/docs/Web/HTTP/Status/429 (stc.py:206)
[2026-09-05 | 05:56:33] ERROR    [STRMCNTR] URL 79) Failed to fetch "https://streamecenter.live/api/stream-link/iframe/event-espn-league-baseball-mlb-401816826/cfc3bc1f-35ba-490f-8995-16e2aa4491f0": Client error '429 Too Many Requests' for url 'https://streamcenter.st/api/stream-link/iframe/event-espn-league-baseball-mlb-401816826/cfc3bc1f-35ba-490f-8995-16e2aa4491f0'
For more information check: https://developer.mozilla.org/en-US/docs/Web/HTTP/Status/429 (stc.py:206)
[2026-09-05 | 05:56:34] ERROR    [STRMCNTR] URL 80) Failed to fetch "https://streamecenter.live/api/stream-link/iframe/event-espn-league-baseball-mlb-401816824/54811a8b-67e5-4ce2-8408-46b8fdb122b1": Client error '429 Too Many Requests' for url 'https://streamcenter.st/api/stream-link/iframe/event-espn-league-baseball-mlb-401816824/54811a8b-67e5-4ce2-8408-46b8fdb122b1'
For more information check: https://developer.mozilla.org/en-US/docs/Web/HTTP/Status/429 (stc.py:206)
[2026-09-05 | 05:56:34] INFO     [STRMCNTR] Collected 59 event(s)                                                  (stc.py:515)
[2026-09-05 | 09:40:41] INFO     [STRMCNTR] Scraping from "https://streamecenter.live"                             (stc.py:431)
[2026-09-05 | 09:40:42] INFO     [STRMCNTR] Processing 80 URL(s)                                                   (stc.py:459)
[2026-09-05 | 09:40:43] ERROR    [STRMCNTR] URL 1) Failed to fetch "https://streamecenter.live/api/stream-link/iframe/event-espn-league-mma-ufc-600059993/7d295f08-7646-4529-8fd2-9eea178e197b": Client error '404 Not Found' for url 'https://streamcenter.st/api/stream-link/iframe/event-espn-league-mma-ufc-600059993/7d295f08-7646-4529-8fd2-9eea178e197b'
For more information check: https://developer.mozilla.org/en-US/docs/Web/HTTP/Status/404 (stc.py:206)
[2026-09-05 | 09:40:43] INFO     [STRMCNTR] URL 2) Captured M3U8                                                   (stc.py:303)
[2026-09-05 | 09:40:43] INFO     [STRMCNTR] URL 3) Captured M3U8                                                   (stc.py:303)
[2026-09-05 | 09:40:44] INFO     [STRMCNTR] URL 4) Captured M3U8                                                   (stc.py:303)
[2026-09-05 | 09:40:44] INFO     [STRMCNTR] URL 5) Captured M3U8                                                   (stc.py:303)
[2026-09-05 | 09:40:44] INFO     [STRMCNTR] URL 6) Captured M3U8                                                   (stc.py:303)
[2026-09-05 | 09:40:45] INFO     [STRMCNTR] URL 7) Captured M3U8                                                   (stc.py:303)
[2026-09-05 | 09:40:45] INFO     [STRMCNTR] URL 8) Captured M3U8                                                   (stc.py:303)
[2026-09-05 | 09:40:45] INFO     [STRMCNTR] URL 9) Captured M3U8                                                   (stc.py:303)
[2026-09-05 | 09:40:45] INFO     [STRMCNTR] URL 10) Captured M3U8                                                  (stc.py:303)
[2026-09-05 | 09:40:46] ERROR    [STRMCNTR] URL 11) Failed to fetch "https://streamecenter.live/api/stream-link/iframe/event-espn-league-football-college-football-401858207/fe5acd4b-10cf-422d-9440-60b4dabd994a": Client error '404 Not Found' for url 'https://streamcenter.st/api/stream-link/iframe/event-espn-league-football-college-football-401858207/fe5acd4b-10cf-422d-9440-60b4dabd994a'
For more information check: https://developer.mozilla.org/en-US/docs/Web/HTTP/Status/404 (stc.py:206)
[2026-09-05 | 09:40:46] INFO     [STRMCNTR] URL 12) Captured M3U8                                                  (stc.py:303)
[2026-09-05 | 09:40:46] INFO     [STRMCNTR] URL 13) Captured M3U8                                                  (stc.py:303)
[2026-09-05 | 09:40:47] INFO     [STRMCNTR] URL 14) Captured M3U8                                                  (stc.py:303)
[2026-09-05 | 09:40:47] INFO     [STRMCNTR] URL 15) Captured M3U8                                                  (stc.py:303)
[2026-09-05 | 09:40:47] INFO     [STRMCNTR] URL 16) Captured M3U8                                                  (stc.py:303)
[2026-09-05 | 09:40:47] INFO     [STRMCNTR] URL 17) Captured M3U8                                                  (stc.py:303)
[2026-09-05 | 09:40:48] INFO     [STRMCNTR] URL 18) Captured M3U8                                                  (stc.py:303)
[2026-09-05 | 09:40:48] INFO     [STRMCNTR] URL 19) Captured M3U8                                                  (stc.py:303)
[2026-09-05 | 09:40:48] INFO     [STRMCNTR] URL 20) Captured M3U8                                                  (stc.py:303)
[2026-09-05 | 09:40:49] INFO     [STRMCNTR] URL 21) Captured M3U8                                                  (stc.py:303)
[2026-09-05 | 09:40:49] INFO     [STRMCNTR] URL 22) Captured M3U8                                                  (stc.py:303)
[2026-09-05 | 09:40:49] INFO     [STRMCNTR] URL 23) Captured M3U8                                                  (stc.py:303)
[2026-09-05 | 09:40:49] INFO     [STRMCNTR] URL 24) Captured M3U8                                                  (stc.py:303)
[2026-09-05 | 09:40:50] ERROR    [STRMCNTR] URL 25) Failed to fetch "https://streamecenter.live/api/stream-link/iframe/event-espn-league-football-college-football-401864499/b1136d75-8764-44a2-874e-68c45cf34829": Client error '404 Not Found' for url 'https://streamcenter.st/api/stream-link/iframe/event-espn-league-football-college-football-401864499/b1136d75-8764-44a2-874e-68c45cf34829'
For more information check: https://developer.mozilla.org/en-US/docs/Web/HTTP/Status/404 (stc.py:206)
[2026-09-05 | 09:40:50] INFO     [STRMCNTR] URL 26) Captured M3U8                                                  (stc.py:303)
[2026-09-05 | 09:40:50] INFO     [STRMCNTR] URL 27) Captured M3U8                                                  (stc.py:303)
[2026-09-05 | 09:40:51] INFO     [STRMCNTR] URL 28) Captured M3U8                                                  (stc.py:303)
[2026-09-05 | 09:40:51] INFO     [STRMCNTR] URL 29) Captured M3U8                                                  (stc.py:303)
[2026-09-05 | 09:40:51] INFO     [STRMCNTR] URL 30) Captured M3U8                                                  (stc.py:303)
[2026-09-05 | 09:40:51] INFO     [STRMCNTR] URL 31) Captured M3U8                                                  (stc.py:303)
[2026-09-05 | 09:40:52] ERROR    [STRMCNTR] URL 32) Failed to fetch "https://streamecenter.live/api/stream-link/iframe/event-espn-league-football-college-football-401856770/8fd14f93-21e2-43dc-8da9-43165573ddcc": Client error '404 Not Found' for url 'https://streamcenter.st/api/stream-link/iframe/event-espn-league-football-college-football-401856770/8fd14f93-21e2-43dc-8da9-43165573ddcc'
For more information check: https://developer.mozilla.org/en-US/docs/Web/HTTP/Status/404 (stc.py:206)
[2026-09-05 | 09:40:52] INFO     [STRMCNTR] URL 33) Captured M3U8                                                  (stc.py:303)
[2026-09-05 | 09:40:52] INFO     [STRMCNTR] URL 34) Captured M3U8                                                  (stc.py:303)
[2026-09-05 | 09:40:53] INFO     [STRMCNTR] URL 35) Captured M3U8                                                  (stc.py:303)
[2026-09-05 | 09:40:53] INFO     [STRMCNTR] URL 36) Captured M3U8                                                  (stc.py:303)
[2026-09-05 | 09:40:53] INFO     [STRMCNTR] URL 37) Captured M3U8                                                  (stc.py:303)
[2026-09-05 | 09:40:53] INFO     [STRMCNTR] URL 38) Captured M3U8                                                  (stc.py:303)
[2026-09-05 | 09:40:54] ERROR    [STRMCNTR] URL 39) Failed to fetch "https://streamecenter.live/api/stream-link/iframe/event-espn-league-football-college-football-401856775/e5cbdc91-36db-4d63-ae4d-eedb2bd0e642": Client error '404 Not Found' for url 'https://streamcenter.st/api/stream-link/iframe/event-espn-league-football-college-football-401856775/e5cbdc91-36db-4d63-ae4d-eedb2bd0e642'
For more information check: https://developer.mozilla.org/en-US/docs/Web/HTTP/Status/404 (stc.py:206)
[2026-09-05 | 09:40:54] INFO     [STRMCNTR] URL 40) Captured M3U8                                                  (stc.py:303)
[2026-09-05 | 09:40:54] INFO     [STRMCNTR] URL 41) Captured M3U8                                                  (stc.py:303)
[2026-09-05 | 09:40:55] INFO     [STRMCNTR] URL 42) Captured M3U8                                                  (stc.py:303)
[2026-09-05 | 09:40:55] INFO     [STRMCNTR] URL 43) Captured M3U8                                                  (stc.py:303)
[2026-09-05 | 09:40:55] INFO     [STRMCNTR] URL 44) Captured M3U8                                                  (stc.py:303)
[2026-09-05 | 09:40:55] INFO     [STRMCNTR] URL 45) Captured M3U8                                                  (stc.py:303)
[2026-09-05 | 09:40:56] INFO     [STRMCNTR] URL 46) Captured M3U8                                                  (stc.py:303)
[2026-09-05 | 09:40:56] INFO     [STRMCNTR] URL 47) Captured M3U8                                                  (stc.py:303)
[2026-09-05 | 09:40:56] INFO     [STRMCNTR] URL 48) Captured M3U8                                                  (stc.py:303)
[2026-09-05 | 09:40:57] INFO     [STRMCNTR] URL 49) Captured M3U8                                                  (stc.py:303)
[2026-09-05 | 09:40:57] INFO     [STRMCNTR] URL 50) Captured M3U8                                                  (stc.py:303)
[2026-09-05 | 09:40:57] INFO     [STRMCNTR] URL 51) Captured M3U8                                                  (stc.py:303)
[2026-09-05 | 09:40:58] INFO     [STRMCNTR] URL 52) Captured M3U8                                                  (stc.py:303)
[2026-09-05 | 09:40:58] INFO     [STRMCNTR] URL 53) Captured M3U8                                                  (stc.py:303)
[2026-09-05 | 09:40:58] INFO     [STRMCNTR] URL 54) Captured M3U8                                                  (stc.py:303)
[2026-09-05 | 09:40:58] INFO     [STRMCNTR] URL 55) Captured M3U8                                                  (stc.py:303)
[2026-09-05 | 09:40:59] ERROR    [STRMCNTR] URL 56) Failed to fetch "https://streamecenter.live/api/stream-link/iframe/event-espn-league-soccer-ita-1-401874937/32f08cf8-96d1-4f1a-a199-d4ff972960c1": Client error '404 Not Found' for url 'https://streamcenter.st/api/stream-link/iframe/event-espn-league-soccer-ita-1-401874937/32f08cf8-96d1-4f1a-a199-d4ff972960c1'
For more information check: https://developer.mozilla.org/en-US/docs/Web/HTTP/Status/404 (stc.py:206)
[2026-09-05 | 09:40:59] INFO     [STRMCNTR] URL 57) Captured M3U8                                                  (stc.py:303)
[2026-09-05 | 09:40:59] INFO     [STRMCNTR] URL 58) Captured M3U8                                                  (stc.py:303)
[2026-09-05 | 09:41:00] INFO     [STRMCNTR] URL 59) Captured M3U8                                                  (stc.py:303)
[2026-09-05 | 09:41:00] INFO     [STRMCNTR] URL 60) Captured M3U8                                                  (stc.py:303)
[2026-09-05 | 09:41:00] ERROR    [STRMCNTR] URL 61) Failed to fetch "https://streamecenter.live/api/stream-link/iframe/event-espn-league-soccer-fra-1-401876474/9801d824-ade0-41a2-83a5-92d28c13331c": Client error '429 Too Many Requests' for url 'https://streamcenter.st/api/stream-link/iframe/event-espn-league-soccer-fra-1-401876474/9801d824-ade0-41a2-83a5-92d28c13331c'
For more information check: https://developer.mozilla.org/en-US/docs/Web/HTTP/Status/429 (stc.py:206)
[2026-09-05 | 09:41:00] ERROR    [STRMCNTR] URL 62) Failed to fetch "https://streamecenter.live/api/stream-link/iframe/event-espn-league-soccer-ita-1-401874781/e36a0f45-5e68-4efa-97b6-2c00bf8811d9": Client error '429 Too Many Requests' for url 'https://streamcenter.st/api/stream-link/iframe/event-espn-league-soccer-ita-1-401874781/e36a0f45-5e68-4efa-97b6-2c00bf8811d9'
For more information check: https://developer.mozilla.org/en-US/docs/Web/HTTP/Status/429 (stc.py:206)
[2026-09-05 | 09:41:00] ERROR    [STRMCNTR] URL 63) Failed to fetch "https://streamecenter.live/api/stream-link/iframe/event-espn-league-soccer-esp-1-401882887/df42acc0-98ed-4a9d-a0c6-1db7c4750781": Client error '429 Too Many Requests' for url 'https://streamcenter.st/api/stream-link/iframe/event-espn-league-soccer-esp-1-401882887/df42acc0-98ed-4a9d-a0c6-1db7c4750781'
For more information check: https://developer.mozilla.org/en-US/docs/Web/HTTP/Status/429 (stc.py:206)
[2026-09-05 | 09:41:01] ERROR    [STRMCNTR] URL 64) Failed to fetch "https://streamecenter.live/api/stream-link/iframe/event-espn-league-racing-f1-600057442-401839100/4468ea17-4811-405d-ac10-c703f26ad635": Client error '429 Too Many Requests' for url 'https://streamcenter.st/api/stream-link/iframe/event-espn-league-racing-f1-600057442-401839100/4468ea17-4811-405d-ac10-c703f26ad635'
For more information check: https://developer.mozilla.org/en-US/docs/Web/HTTP/Status/429 (stc.py:206)
[2026-09-05 | 09:41:01] ERROR    [STRMCNTR] URL 65) Failed to fetch "https://streamecenter.live/api/stream-link/iframe/event-espn-league-racing-f1-600057442-401839101/1a07b498-0a51-4ced-89f2-d0bc5e4e40d3": Client error '429 Too Many Requests' for url 'https://streamcenter.st/api/stream-link/iframe/event-espn-league-racing-f1-600057442-401839101/1a07b498-0a51-4ced-89f2-d0bc5e4e40d3'
For more information check: https://developer.mozilla.org/en-US/docs/Web/HTTP/Status/429 (stc.py:206)
[2026-09-05 | 09:41:01] ERROR    [STRMCNTR] URL 66) Failed to fetch "https://streamecenter.live/api/stream-link/iframe/event-espn-league-baseball-mlb-401816815/36896cf1-1682-481f-8407-a452df2eae0d": Client error '429 Too Many Requests' for url 'https://streamcenter.st/api/stream-link/iframe/event-espn-league-baseball-mlb-401816815/36896cf1-1682-481f-8407-a452df2eae0d'
For more information check: https://developer.mozilla.org/en-US/docs/Web/HTTP/Status/429 (stc.py:206)
[2026-09-05 | 09:41:01] ERROR    [STRMCNTR] URL 67) Failed to fetch "https://streamecenter.live/api/stream-link/iframe/event-espn-league-baseball-mlb-401816818/b332420d-06a5-4cff-a4c2-a1e00c774c13": Client error '429 Too Many Requests' for url 'https://streamcenter.st/api/stream-link/iframe/event-espn-league-baseball-mlb-401816818/b332420d-06a5-4cff-a4c2-a1e00c774c13'
For more information check: https://developer.mozilla.org/en-US/docs/Web/HTTP/Status/429 (stc.py:206)
[2026-09-05 | 09:41:01] ERROR    [STRMCNTR] URL 68) Failed to fetch "https://streamecenter.live/api/stream-link/iframe/event-espn-league-baseball-mlb-401816813/ac54e9ef-6845-4ed6-84d1-f6d9150ae770": Client error '429 Too Many Requests' for url 'https://streamcenter.st/api/stream-link/iframe/event-espn-league-baseball-mlb-401816813/ac54e9ef-6845-4ed6-84d1-f6d9150ae770'
For more information check: https://developer.mozilla.org/en-US/docs/Web/HTTP/Status/429 (stc.py:206)
[2026-09-05 | 09:41:02] ERROR    [STRMCNTR] URL 69) Failed to fetch "https://streamecenter.live/api/stream-link/iframe/event-espn-league-baseball-mlb-401816816/5f34539d-da8c-4a00-ad2b-22659e637692": Client error '429 Too Many Requests' for url 'https://streamcenter.st/api/stream-link/iframe/event-espn-league-baseball-mlb-401816816/5f34539d-da8c-4a00-ad2b-22659e637692'
For more information check: https://developer.mozilla.org/en-US/docs/Web/HTTP/Status/429 (stc.py:206)
[2026-09-05 | 09:41:02] ERROR    [STRMCNTR] URL 70) Failed to fetch "https://streamecenter.live/api/stream-link/iframe/event-espn-league-baseball-mlb-401816812/fec9ff6e-b00e-4f56-a67b-e98f12877f2c": Client error '429 Too Many Requests' for url 'https://streamcenter.st/api/stream-link/iframe/event-espn-league-baseball-mlb-401816812/fec9ff6e-b00e-4f56-a67b-e98f12877f2c'
For more information check: https://developer.mozilla.org/en-US/docs/Web/HTTP/Status/429 (stc.py:206)
[2026-09-05 | 09:41:02] ERROR    [STRMCNTR] URL 71) Failed to fetch "https://streamecenter.live/api/stream-link/iframe/event-espn-league-baseball-mlb-401816817/81f1a916-22b6-4658-9bdb-9474c5d85e80": Client error '429 Too Many Requests' for url 'https://streamcenter.st/api/stream-link/iframe/event-espn-league-baseball-mlb-401816817/81f1a916-22b6-4658-9bdb-9474c5d85e80'
For more information check: https://developer.mozilla.org/en-US/docs/Web/HTTP/Status/429 (stc.py:206)
[2026-09-05 | 09:41:02] ERROR    [STRMCNTR] URL 72) Failed to fetch "https://streamecenter.live/api/stream-link/iframe/event-espn-league-baseball-mlb-401816814/383e56b5-921c-4c4d-ab5e-7b46ef0c9f94": Client error '429 Too Many Requests' for url 'https://streamcenter.st/api/stream-link/iframe/event-espn-league-baseball-mlb-401816814/383e56b5-921c-4c4d-ab5e-7b46ef0c9f94'
For more information check: https://developer.mozilla.org/en-US/docs/Web/HTTP/Status/429 (stc.py:206)
[2026-09-05 | 09:41:02] ERROR    [STRMCNTR] URL 73) Failed to fetch "https://streamecenter.live/api/stream-link/iframe/event-espn-league-baseball-mlb-401816821/38f9eea3-ec8d-450b-8762-8ddee2b7efed": Client error '429 Too Many Requests' for url 'https://streamcenter.st/api/stream-link/iframe/event-espn-league-baseball-mlb-401816821/38f9eea3-ec8d-450b-8762-8ddee2b7efed'
For more information check: https://developer.mozilla.org/en-US/docs/Web/HTTP/Status/429 (stc.py:206)
[2026-09-05 | 09:41:02] ERROR    [STRMCNTR] URL 74) Failed to fetch "https://streamecenter.live/api/stream-link/iframe/event-espn-league-baseball-mlb-401816820/4b6968f3-57be-49a0-8b77-66f8049af20a": Client error '429 Too Many Requests' for url 'https://streamcenter.st/api/stream-link/iframe/event-espn-league-baseball-mlb-401816820/4b6968f3-57be-49a0-8b77-66f8049af20a'
For more information check: https://developer.mozilla.org/en-US/docs/Web/HTTP/Status/429 (stc.py:206)
[2026-09-05 | 09:41:03] ERROR    [STRMCNTR] URL 75) Failed to fetch "https://streamecenter.live/api/stream-link/iframe/event-espn-league-baseball-mlb-401816822/4927ce3e-30b8-47fc-b08c-3987d0638437": Client error '429 Too Many Requests' for url 'https://streamcenter.st/api/stream-link/iframe/event-espn-league-baseball-mlb-401816822/4927ce3e-30b8-47fc-b08c-3987d0638437'
For more information check: https://developer.mozilla.org/en-US/docs/Web/HTTP/Status/429 (stc.py:206)
[2026-09-05 | 09:41:03] ERROR    [STRMCNTR] URL 76) Failed to fetch "https://streamecenter.live/api/stream-link/iframe/event-espn-league-baseball-mlb-401816819/5ea765f0-a08e-45d2-9aca-fd8eacb785bd": Client error '429 Too Many Requests' for url 'https://streamcenter.st/api/stream-link/iframe/event-espn-league-baseball-mlb-401816819/5ea765f0-a08e-45d2-9aca-fd8eacb785bd'
For more information check: https://developer.mozilla.org/en-US/docs/Web/HTTP/Status/429 (stc.py:206)
[2026-09-05 | 09:41:03] ERROR    [STRMCNTR] URL 77) Failed to fetch "https://streamecenter.live/api/stream-link/iframe/event-espn-league-baseball-mlb-401816825/c74718c9-5df0-4595-a7d4-bc4817aabe83": Client error '429 Too Many Requests' for url 'https://streamcenter.st/api/stream-link/iframe/event-espn-league-baseball-mlb-401816825/c74718c9-5df0-4595-a7d4-bc4817aabe83'
For more information check: https://developer.mozilla.org/en-US/docs/Web/HTTP/Status/429 (stc.py:206)
[2026-09-05 | 09:41:03] ERROR    [STRMCNTR] URL 78) Failed to fetch "https://streamecenter.live/api/stream-link/iframe/event-espn-league-baseball-mlb-401816823/260e4320-f27d-4523-bdfe-2645eaba2a15": Client error '429 Too Many Requests' for url 'https://streamcenter.st/api/stream-link/iframe/event-espn-league-baseball-mlb-401816823/260e4320-f27d-4523-bdfe-2645eaba2a15'
For more information check: https://developer.mozilla.org/en-US/docs/Web/HTTP/Status/429 (stc.py:206)
[2026-09-05 | 09:41:03] ERROR    [STRMCNTR] URL 79) Failed to fetch "https://streamecenter.live/api/stream-link/iframe/event-espn-league-baseball-mlb-401816826/cfc3bc1f-35ba-490f-8995-16e2aa4491f0": Client error '429 Too Many Requests' for url 'https://streamcenter.st/api/stream-link/iframe/event-espn-league-baseball-mlb-401816826/cfc3bc1f-35ba-490f-8995-16e2aa4491f0'
For more information check: https://developer.mozilla.org/en-US/docs/Web/HTTP/Status/429 (stc.py:206)
[2026-09-05 | 09:41:04] ERROR    [STRMCNTR] URL 80) Failed to fetch "https://streamecenter.live/api/stream-link/iframe/event-espn-league-baseball-mlb-401816824/54811a8b-67e5-4ce2-8408-46b8fdb122b1": Client error '429 Too Many Requests' for url 'https://streamcenter.st/api/stream-link/iframe/event-espn-league-baseball-mlb-401816824/54811a8b-67e5-4ce2-8408-46b8fdb122b1'
For more information check: https://developer.mozilla.org/en-US/docs/Web/HTTP/Status/429 (stc.py:206)
[2026-09-05 | 09:41:04] INFO     [STRMCNTR] Collected 60 event(s)                                                  (stc.py:515)
[2026-09-05 | 13:05:52] INFO     [STRMCNTR] Scraping from "https://streamecenter.live"                             (stc.py:431)
[2026-09-05 | 13:05:53] INFO     [STRMCNTR] Processing 79 URL(s)                                                   (stc.py:459)
[2026-09-05 | 13:05:54] INFO     [STRMCNTR] URL 1) Captured M3U8                                                   (stc.py:303)
[2026-09-05 | 13:05:55] INFO     [STRMCNTR] URL 2) Captured M3U8                                                   (stc.py:303)
[2026-09-05 | 13:05:55] INFO     [STRMCNTR] URL 3) Captured M3U8                                                   (stc.py:303)
[2026-09-05 | 13:05:56] INFO     [STRMCNTR] URL 4) Captured M3U8                                                   (stc.py:303)
[2026-09-05 | 13:05:56] INFO     [STRMCNTR] URL 5) Captured M3U8                                                   (stc.py:303)
[2026-09-05 | 13:05:57] INFO     [STRMCNTR] URL 6) Captured M3U8                                                   (stc.py:303)
[2026-09-05 | 13:05:57] INFO     [STRMCNTR] URL 7) Captured M3U8                                                   (stc.py:303)
[2026-09-05 | 13:05:58] INFO     [STRMCNTR] URL 8) Captured M3U8                                                   (stc.py:303)
[2026-09-05 | 13:05:58] INFO     [STRMCNTR] URL 9) Captured M3U8                                                   (stc.py:303)
[2026-09-05 | 13:05:59] INFO     [STRMCNTR] URL 10) Captured M3U8                                                  (stc.py:303)
[2026-09-05 | 13:05:59] INFO     [STRMCNTR] URL 11) Captured M3U8                                                  (stc.py:303)
[2026-09-05 | 13:06:00] INFO     [STRMCNTR] URL 12) Captured M3U8                                                  (stc.py:303)
[2026-09-05 | 13:06:00] INFO     [STRMCNTR] URL 13) Captured M3U8                                                  (stc.py:303)
[2026-09-05 | 13:06:01] INFO     [STRMCNTR] URL 14) Captured M3U8                                                  (stc.py:303)
[2026-09-05 | 13:06:01] INFO     [STRMCNTR] URL 15) Captured M3U8                                                  (stc.py:303)
[2026-09-05 | 13:06:01] INFO     [STRMCNTR] URL 16) Captured M3U8                                                  (stc.py:303)
[2026-09-05 | 13:06:02] INFO     [STRMCNTR] URL 17) Captured M3U8                                                  (stc.py:303)
[2026-09-05 | 13:06:02] INFO     [STRMCNTR] URL 18) Captured M3U8                                                  (stc.py:303)
[2026-09-05 | 13:06:03] INFO     [STRMCNTR] URL 19) Captured M3U8                                                  (stc.py:303)
[2026-09-05 | 13:06:03] INFO     [STRMCNTR] URL 20) Captured M3U8                                                  (stc.py:303)
[2026-09-05 | 13:06:04] INFO     [STRMCNTR] URL 21) Captured M3U8                                                  (stc.py:303)
[2026-09-05 | 13:06:04] INFO     [STRMCNTR] URL 22) Captured M3U8                                                  (stc.py:303)
[2026-09-05 | 13:06:05] INFO     [STRMCNTR] URL 23) Captured M3U8                                                  (stc.py:303)
[2026-09-05 | 13:06:05] INFO     [STRMCNTR] URL 24) Captured M3U8                                                  (stc.py:303)
[2026-09-05 | 13:06:06] INFO     [STRMCNTR] URL 25) Captured M3U8                                                  (stc.py:303)
[2026-09-05 | 13:06:06] INFO     [STRMCNTR] URL 26) Captured M3U8                                                  (stc.py:303)
[2026-09-05 | 13:06:07] INFO     [STRMCNTR] URL 27) Captured M3U8                                                  (stc.py:303)
[2026-09-05 | 13:06:07] INFO     [STRMCNTR] URL 28) Captured M3U8                                                  (stc.py:303)
[2026-09-05 | 13:06:08] INFO     [STRMCNTR] URL 29) Captured M3U8                                                  (stc.py:303)
[2026-09-05 | 13:06:08] INFO     [STRMCNTR] URL 30) Captured M3U8                                                  (stc.py:303)
[2026-09-05 | 13:06:08] INFO     [STRMCNTR] URL 31) Captured M3U8                                                  (stc.py:303)
[2026-09-05 | 13:06:09] INFO     [STRMCNTR] URL 32) Captured M3U8                                                  (stc.py:303)
[2026-09-05 | 13:06:09] INFO     [STRMCNTR] URL 33) Captured M3U8                                                  (stc.py:303)
[2026-09-05 | 13:06:10] INFO     [STRMCNTR] URL 34) Captured M3U8                                                  (stc.py:303)
[2026-09-05 | 13:06:10] INFO     [STRMCNTR] URL 35) Captured M3U8                                                  (stc.py:303)
[2026-09-05 | 13:06:11] INFO     [STRMCNTR] URL 36) Captured M3U8                                                  (stc.py:303)
[2026-09-05 | 13:06:11] INFO     [STRMCNTR] URL 37) Captured M3U8                                                  (stc.py:303)
[2026-09-05 | 13:06:12] INFO     [STRMCNTR] URL 38) Captured M3U8                                                  (stc.py:303)
[2026-09-05 | 13:06:12] INFO     [STRMCNTR] URL 39) Captured M3U8                                                  (stc.py:303)
[2026-09-05 | 13:06:13] INFO     [STRMCNTR] URL 40) Captured M3U8                                                  (stc.py:303)
[2026-09-05 | 13:06:13] INFO     [STRMCNTR] URL 41) Captured M3U8                                                  (stc.py:303)
[2026-09-05 | 13:06:14] INFO     [STRMCNTR] URL 42) Captured M3U8                                                  (stc.py:303)
[2026-09-05 | 13:06:14] INFO     [STRMCNTR] URL 43) Captured M3U8                                                  (stc.py:303)
[2026-09-05 | 13:06:14] INFO     [STRMCNTR] URL 44) Captured M3U8                                                  (stc.py:303)
[2026-09-05 | 13:06:15] INFO     [STRMCNTR] URL 45) Captured M3U8                                                  (stc.py:303)
[2026-09-05 | 13:06:15] INFO     [STRMCNTR] URL 46) Captured M3U8                                                  (stc.py:303)
[2026-09-05 | 13:06:16] INFO     [STRMCNTR] URL 47) Captured M3U8                                                  (stc.py:303)
[2026-09-05 | 13:06:16] INFO     [STRMCNTR] URL 48) Captured M3U8                                                  (stc.py:303)
[2026-09-05 | 13:06:17] INFO     [STRMCNTR] URL 49) Captured M3U8                                                  (stc.py:303)
[2026-09-05 | 13:06:17] INFO     [STRMCNTR] URL 50) Captured M3U8                                                  (stc.py:303)
[2026-09-05 | 13:06:18] INFO     [STRMCNTR] URL 51) Captured M3U8                                                  (stc.py:303)
[2026-09-05 | 13:06:18] INFO     [STRMCNTR] URL 52) Captured M3U8                                                  (stc.py:303)
[2026-09-05 | 13:06:19] INFO     [STRMCNTR] URL 53) Captured M3U8                                                  (stc.py:303)
[2026-09-05 | 13:06:19] INFO     [STRMCNTR] URL 54) Captured M3U8                                                  (stc.py:303)
[2026-09-05 | 13:06:20] INFO     [STRMCNTR] URL 55) Captured M3U8                                                  (stc.py:303)
[2026-09-05 | 13:06:20] INFO     [STRMCNTR] URL 56) Captured M3U8                                                  (stc.py:303)
[2026-09-05 | 13:06:21] INFO     [STRMCNTR] URL 57) Captured M3U8                                                  (stc.py:303)
[2026-09-05 | 13:06:21] INFO     [STRMCNTR] URL 58) Captured M3U8                                                  (stc.py:303)
[2026-09-05 | 13:06:21] INFO     [STRMCNTR] URL 59) Captured M3U8                                                  (stc.py:303)
[2026-09-05 | 13:06:22] INFO     [STRMCNTR] URL 60) Captured M3U8                                                  (stc.py:303)
[2026-09-05 | 13:06:22] ERROR    [STRMCNTR] URL 61) Failed to fetch "https://streamecenter.live/api/stream-link/iframe/event-espn-league-soccer-fra-1-401876474/9801d824-ade0-41a2-83a5-92d28c13331c": Client error '429 Too Many Requests' for url 'https://streamcenter.st/api/stream-link/iframe/event-espn-league-soccer-fra-1-401876474/9801d824-ade0-41a2-83a5-92d28c13331c'
For more information check: https://developer.mozilla.org/en-US/docs/Web/HTTP/Status/429 (stc.py:206)
[2026-09-05 | 13:06:23] ERROR    [STRMCNTR] URL 62) Failed to fetch "https://streamecenter.live/api/stream-link/iframe/event-espn-league-soccer-ita-1-401874781/e36a0f45-5e68-4efa-97b6-2c00bf8811d9": Client error '429 Too Many Requests' for url 'https://streamcenter.st/api/stream-link/iframe/event-espn-league-soccer-ita-1-401874781/e36a0f45-5e68-4efa-97b6-2c00bf8811d9'
For more information check: https://developer.mozilla.org/en-US/docs/Web/HTTP/Status/429 (stc.py:206)
[2026-09-05 | 13:06:23] ERROR    [STRMCNTR] URL 63) Failed to fetch "https://streamecenter.live/api/stream-link/iframe/event-espn-league-soccer-esp-1-401882887/df42acc0-98ed-4a9d-a0c6-1db7c4750781": Client error '429 Too Many Requests' for url 'https://streamcenter.st/api/stream-link/iframe/event-espn-league-soccer-esp-1-401882887/df42acc0-98ed-4a9d-a0c6-1db7c4750781'
For more information check: https://developer.mozilla.org/en-US/docs/Web/HTTP/Status/429 (stc.py:206)
[2026-09-05 | 13:06:23] ERROR    [STRMCNTR] URL 64) Failed to fetch "https://streamecenter.live/api/stream-link/iframe/event-espn-league-racing-f1-600057442-401839101/1a07b498-0a51-4ced-89f2-d0bc5e4e40d3": Client error '429 Too Many Requests' for url 'https://streamcenter.st/api/stream-link/iframe/event-espn-league-racing-f1-600057442-401839101/1a07b498-0a51-4ced-89f2-d0bc5e4e40d3'
For more information check: https://developer.mozilla.org/en-US/docs/Web/HTTP/Status/429 (stc.py:206)
[2026-09-05 | 13:06:24] ERROR    [STRMCNTR] URL 65) Failed to fetch "https://streamecenter.live/api/stream-link/iframe/event-espn-league-baseball-mlb-401816815/36896cf1-1682-481f-8407-a452df2eae0d": Client error '429 Too Many Requests' for url 'https://streamcenter.st/api/stream-link/iframe/event-espn-league-baseball-mlb-401816815/36896cf1-1682-481f-8407-a452df2eae0d'
For more information check: https://developer.mozilla.org/en-US/docs/Web/HTTP/Status/429 (stc.py:206)
[2026-09-05 | 13:06:24] ERROR    [STRMCNTR] URL 66) Failed to fetch "https://streamecenter.live/api/stream-link/iframe/event-espn-league-baseball-mlb-401816818/b332420d-06a5-4cff-a4c2-a1e00c774c13": Client error '429 Too Many Requests' for url 'https://streamcenter.st/api/stream-link/iframe/event-espn-league-baseball-mlb-401816818/b332420d-06a5-4cff-a4c2-a1e00c774c13'
For more information check: https://developer.mozilla.org/en-US/docs/Web/HTTP/Status/429 (stc.py:206)
[2026-09-05 | 13:06:24] ERROR    [STRMCNTR] URL 67) Failed to fetch "https://streamecenter.live/api/stream-link/iframe/event-espn-league-baseball-mlb-401816813/ac54e9ef-6845-4ed6-84d1-f6d9150ae770": Client error '429 Too Many Requests' for url 'https://streamcenter.st/api/stream-link/iframe/event-espn-league-baseball-mlb-401816813/ac54e9ef-6845-4ed6-84d1-f6d9150ae770'
For more information check: https://developer.mozilla.org/en-US/docs/Web/HTTP/Status/429 (stc.py:206)
[2026-09-05 | 13:06:24] ERROR    [STRMCNTR] URL 68) Failed to fetch "https://streamecenter.live/api/stream-link/iframe/event-espn-league-baseball-mlb-401816816/5f34539d-da8c-4a00-ad2b-22659e637692": Client error '429 Too Many Requests' for url 'https://streamcenter.st/api/stream-link/iframe/event-espn-league-baseball-mlb-401816816/5f34539d-da8c-4a00-ad2b-22659e637692'
For more information check: https://developer.mozilla.org/en-US/docs/Web/HTTP/Status/429 (stc.py:206)
[2026-09-05 | 13:06:25] ERROR    [STRMCNTR] URL 69) Failed to fetch "https://streamecenter.live/api/stream-link/iframe/event-espn-league-baseball-mlb-401816812/fec9ff6e-b00e-4f56-a67b-e98f12877f2c": Client error '429 Too Many Requests' for url 'https://streamcenter.st/api/stream-link/iframe/event-espn-league-baseball-mlb-401816812/fec9ff6e-b00e-4f56-a67b-e98f12877f2c'
For more information check: https://developer.mozilla.org/en-US/docs/Web/HTTP/Status/429 (stc.py:206)
[2026-09-05 | 13:06:25] ERROR    [STRMCNTR] URL 70) Failed to fetch "https://streamecenter.live/api/stream-link/iframe/event-espn-league-baseball-mlb-401816817/81f1a916-22b6-4658-9bdb-9474c5d85e80": Client error '429 Too Many Requests' for url 'https://streamcenter.st/api/stream-link/iframe/event-espn-league-baseball-mlb-401816817/81f1a916-22b6-4658-9bdb-9474c5d85e80'
For more information check: https://developer.mozilla.org/en-US/docs/Web/HTTP/Status/429 (stc.py:206)
[2026-09-05 | 13:06:25] ERROR    [STRMCNTR] URL 71) Failed to fetch "https://streamecenter.live/api/stream-link/iframe/event-espn-league-baseball-mlb-401816814/383e56b5-921c-4c4d-ab5e-7b46ef0c9f94": Client error '429 Too Many Requests' for url 'https://streamcenter.st/api/stream-link/iframe/event-espn-league-baseball-mlb-401816814/383e56b5-921c-4c4d-ab5e-7b46ef0c9f94'
For more information check: https://developer.mozilla.org/en-US/docs/Web/HTTP/Status/429 (stc.py:206)
[2026-09-05 | 13:06:26] ERROR    [STRMCNTR] URL 72) Failed to fetch "https://streamecenter.live/api/stream-link/iframe/event-espn-league-baseball-mlb-401816821/38f9eea3-ec8d-450b-8762-8ddee2b7efed": Client error '429 Too Many Requests' for url 'https://streamcenter.st/api/stream-link/iframe/event-espn-league-baseball-mlb-401816821/38f9eea3-ec8d-450b-8762-8ddee2b7efed'
For more information check: https://developer.mozilla.org/en-US/docs/Web/HTTP/Status/429 (stc.py:206)
[2026-09-05 | 13:06:26] ERROR    [STRMCNTR] URL 73) Failed to fetch "https://streamecenter.live/api/stream-link/iframe/event-espn-league-baseball-mlb-401816820/4b6968f3-57be-49a0-8b77-66f8049af20a": Client error '429 Too Many Requests' for url 'https://streamcenter.st/api/stream-link/iframe/event-espn-league-baseball-mlb-401816820/4b6968f3-57be-49a0-8b77-66f8049af20a'
For more information check: https://developer.mozilla.org/en-US/docs/Web/HTTP/Status/429 (stc.py:206)
[2026-09-05 | 13:06:26] ERROR    [STRMCNTR] URL 74) Failed to fetch "https://streamecenter.live/api/stream-link/iframe/event-espn-league-baseball-mlb-401816822/4927ce3e-30b8-47fc-b08c-3987d0638437": Client error '429 Too Many Requests' for url 'https://streamcenter.st/api/stream-link/iframe/event-espn-league-baseball-mlb-401816822/4927ce3e-30b8-47fc-b08c-3987d0638437'
For more information check: https://developer.mozilla.org/en-US/docs/Web/HTTP/Status/429 (stc.py:206)
[2026-09-05 | 13:06:27] ERROR    [STRMCNTR] URL 75) Failed to fetch "https://streamecenter.live/api/stream-link/iframe/event-espn-league-baseball-mlb-401816819/5ea765f0-a08e-45d2-9aca-fd8eacb785bd": Client error '429 Too Many Requests' for url 'https://streamcenter.st/api/stream-link/iframe/event-espn-league-baseball-mlb-401816819/5ea765f0-a08e-45d2-9aca-fd8eacb785bd'
For more information check: https://developer.mozilla.org/en-US/docs/Web/HTTP/Status/429 (stc.py:206)
[2026-09-05 | 13:06:27] ERROR    [STRMCNTR] URL 76) Failed to fetch "https://streamecenter.live/api/stream-link/iframe/event-espn-league-baseball-mlb-401816825/c74718c9-5df0-4595-a7d4-bc4817aabe83": Client error '429 Too Many Requests' for url 'https://streamcenter.st/api/stream-link/iframe/event-espn-league-baseball-mlb-401816825/c74718c9-5df0-4595-a7d4-bc4817aabe83'
For more information check: https://developer.mozilla.org/en-US/docs/Web/HTTP/Status/429 (stc.py:206)
[2026-09-05 | 13:06:27] ERROR    [STRMCNTR] URL 77) Failed to fetch "https://streamecenter.live/api/stream-link/iframe/event-espn-league-baseball-mlb-401816823/260e4320-f27d-4523-bdfe-2645eaba2a15": Client error '429 Too Many Requests' for url 'https://streamcenter.st/api/stream-link/iframe/event-espn-league-baseball-mlb-401816823/260e4320-f27d-4523-bdfe-2645eaba2a15'
For more information check: https://developer.mozilla.org/en-US/docs/Web/HTTP/Status/429 (stc.py:206)
[2026-09-05 | 13:06:28] ERROR    [STRMCNTR] URL 78) Failed to fetch "https://streamecenter.live/api/stream-link/iframe/event-espn-league-baseball-mlb-401816826/cfc3bc1f-35ba-490f-8995-16e2aa4491f0": Client error '429 Too Many Requests' for url 'https://streamcenter.st/api/stream-link/iframe/event-espn-league-baseball-mlb-401816826/cfc3bc1f-35ba-490f-8995-16e2aa4491f0'
For more information check: https://developer.mozilla.org/en-US/docs/Web/HTTP/Status/429 (stc.py:206)
[2026-09-05 | 13:06:28] ERROR    [STRMCNTR] URL 79) Failed to fetch "https://streamecenter.live/api/stream-link/iframe/event-espn-league-baseball-mlb-401816824/54811a8b-67e5-4ce2-8408-46b8fdb122b1": Client error '429 Too Many Requests' for url 'https://streamcenter.st/api/stream-link/iframe/event-espn-league-baseball-mlb-401816824/54811a8b-67e5-4ce2-8408-46b8fdb122b1'
For more information check: https://developer.mozilla.org/en-US/docs/Web/HTTP/Status/429 (stc.py:206)
[2026-09-05 | 13:06:28] INFO     [STRMCNTR] Collected 60 event(s)                                                  (stc.py:515)
[2026-09-05 | 16:08:59] INFO     [STRMCNTR] Scraping from "https://streamecenter.live"                             (stc.py:431)
[2026-09-05 | 16:09:00] INFO     [STRMCNTR] Processing 77 URL(s)                                                   (stc.py:459)
[2026-09-05 | 16:09:00] INFO     [STRMCNTR] URL 1) Captured M3U8                                                   (stc.py:303)
[2026-09-05 | 16:09:01] INFO     [STRMCNTR] URL 2) Captured M3U8                                                   (stc.py:303)
[2026-09-05 | 16:09:01] INFO     [STRMCNTR] URL 3) Captured M3U8                                                   (stc.py:303)
[2026-09-05 | 16:09:01] INFO     [STRMCNTR] URL 4) Captured M3U8                                                   (stc.py:303)
[2026-09-05 | 16:09:02] INFO     [STRMCNTR] URL 5) Captured M3U8                                                   (stc.py:303)
[2026-09-05 | 16:09:02] INFO     [STRMCNTR] URL 6) Captured M3U8                                                   (stc.py:303)
[2026-09-05 | 16:09:02] INFO     [STRMCNTR] URL 7) Captured M3U8                                                   (stc.py:303)
[2026-09-05 | 16:09:03] INFO     [STRMCNTR] URL 8) Captured M3U8                                                   (stc.py:303)
[2026-09-05 | 16:09:03] INFO     [STRMCNTR] URL 9) Captured M3U8                                                   (stc.py:303)
[2026-09-05 | 16:09:03] INFO     [STRMCNTR] URL 10) Captured M3U8                                                  (stc.py:303)
[2026-09-05 | 16:09:03] INFO     [STRMCNTR] URL 11) Captured M3U8                                                  (stc.py:303)
[2026-09-05 | 16:09:04] INFO     [STRMCNTR] URL 12) Captured M3U8                                                  (stc.py:303)
[2026-09-05 | 16:09:04] ERROR    [STRMCNTR] URL 13) Failed to fetch "https://streamecenter.live/api/stream-link/iframe/event-espn-league-football-college-football-401856665/93e1ee99-4752-4bbf-939f-4cf76af51b8a": Client error '404 Not Found' for url 'https://streamcenter.st/api/stream-link/iframe/event-espn-league-football-college-football-401856665/93e1ee99-4752-4bbf-939f-4cf76af51b8a'
For more information check: https://developer.mozilla.org/en-US/docs/Web/HTTP/Status/404 (stc.py:206)
[2026-09-05 | 16:09:04] INFO     [STRMCNTR] URL 14) Captured M3U8                                                  (stc.py:303)
[2026-09-05 | 16:09:04] INFO     [STRMCNTR] URL 15) Captured M3U8                                                  (stc.py:303)
[2026-09-05 | 16:09:05] INFO     [STRMCNTR] URL 16) Captured M3U8                                                  (stc.py:303)
[2026-09-05 | 16:09:05] INFO     [STRMCNTR] URL 17) Captured M3U8                                                  (stc.py:303)
[2026-09-05 | 16:09:05] INFO     [STRMCNTR] URL 18) Captured M3U8                                                  (stc.py:303)
[2026-09-05 | 16:09:06] INFO     [STRMCNTR] URL 19) Captured M3U8                                                  (stc.py:303)
[2026-09-05 | 16:09:06] INFO     [STRMCNTR] URL 20) Captured M3U8                                                  (stc.py:303)
[2026-09-05 | 16:09:06] INFO     [STRMCNTR] URL 21) Captured M3U8                                                  (stc.py:303)
[2026-09-05 | 16:09:07] INFO     [STRMCNTR] URL 22) Captured M3U8                                                  (stc.py:303)
[2026-09-05 | 16:09:07] INFO     [STRMCNTR] URL 23) Captured M3U8                                                  (stc.py:303)
[2026-09-05 | 16:09:07] INFO     [STRMCNTR] URL 24) Captured M3U8                                                  (stc.py:303)
[2026-09-05 | 16:09:08] INFO     [STRMCNTR] URL 25) Captured M3U8                                                  (stc.py:303)
[2026-09-05 | 16:09:08] INFO     [STRMCNTR] URL 26) Captured M3U8                                                  (stc.py:303)
[2026-09-05 | 16:09:08] INFO     [STRMCNTR] URL 27) Captured M3U8                                                  (stc.py:303)
[2026-09-05 | 16:09:09] INFO     [STRMCNTR] URL 28) Captured M3U8                                                  (stc.py:303)
[2026-09-05 | 16:09:09] INFO     [STRMCNTR] URL 29) Captured M3U8                                                  (stc.py:303)
[2026-09-05 | 16:09:09] INFO     [STRMCNTR] URL 30) Captured M3U8                                                  (stc.py:303)
[2026-09-05 | 16:09:10] INFO     [STRMCNTR] URL 31) Captured M3U8                                                  (stc.py:303)
[2026-09-05 | 16:09:10] INFO     [STRMCNTR] URL 32) Captured M3U8                                                  (stc.py:303)
[2026-09-05 | 16:09:10] INFO     [STRMCNTR] URL 33) Captured M3U8                                                  (stc.py:303)
[2026-09-05 | 16:09:11] INFO     [STRMCNTR] URL 34) Captured M3U8                                                  (stc.py:303)
[2026-09-05 | 16:09:11] INFO     [STRMCNTR] URL 35) Captured M3U8                                                  (stc.py:303)
[2026-09-05 | 16:09:11] INFO     [STRMCNTR] URL 36) Captured M3U8                                                  (stc.py:303)
[2026-09-05 | 16:09:12] INFO     [STRMCNTR] URL 37) Captured M3U8                                                  (stc.py:303)
[2026-09-05 | 16:09:12] INFO     [STRMCNTR] URL 38) Captured M3U8                                                  (stc.py:303)
[2026-09-05 | 16:09:12] INFO     [STRMCNTR] URL 39) Captured M3U8                                                  (stc.py:303)
[2026-09-05 | 16:09:13] INFO     [STRMCNTR] URL 40) Captured M3U8                                                  (stc.py:303)
[2026-09-05 | 16:09:13] INFO     [STRMCNTR] URL 41) Captured M3U8                                                  (stc.py:303)
[2026-09-05 | 16:09:13] INFO     [STRMCNTR] URL 42) Captured M3U8                                                  (stc.py:303)
[2026-09-05 | 16:09:14] INFO     [STRMCNTR] URL 43) Captured M3U8                                                  (stc.py:303)
[2026-09-05 | 16:09:14] INFO     [STRMCNTR] URL 44) Captured M3U8                                                  (stc.py:303)
[2026-09-05 | 16:09:14] INFO     [STRMCNTR] URL 45) Captured M3U8                                                  (stc.py:303)
[2026-09-05 | 16:09:15] INFO     [STRMCNTR] URL 46) Captured M3U8                                                  (stc.py:303)
[2026-09-05 | 16:09:15] INFO     [STRMCNTR] URL 47) Captured M3U8                                                  (stc.py:303)
[2026-09-05 | 16:09:16] INFO     [STRMCNTR] URL 48) Captured M3U8                                                  (stc.py:303)
[2026-09-05 | 16:09:16] INFO     [STRMCNTR] URL 49) Captured M3U8                                                  (stc.py:303)
[2026-09-05 | 16:09:16] INFO     [STRMCNTR] URL 50) Captured M3U8                                                  (stc.py:303)
[2026-09-05 | 16:09:16] INFO     [STRMCNTR] URL 51) Captured M3U8                                                  (stc.py:303)
[2026-09-05 | 16:09:17] INFO     [STRMCNTR] URL 52) Captured M3U8                                                  (stc.py:303)
[2026-09-05 | 16:09:17] ERROR    [STRMCNTR] URL 53) Failed to fetch "https://streamecenter.live/api/stream-link/iframe/event-espn-league-soccer-fra-1-401876473/ec2fc776-5ee0-4e3c-9c7f-f52ac218d452": Client error '404 Not Found' for url 'https://streamcenter.st/api/stream-link/iframe/event-espn-league-soccer-fra-1-401876473/ec2fc776-5ee0-4e3c-9c7f-f52ac218d452'
For more information check: https://developer.mozilla.org/en-US/docs/Web/HTTP/Status/404 (stc.py:206)
[2026-09-05 | 16:09:17] INFO     [STRMCNTR] URL 54) Captured M3U8                                                  (stc.py:303)
[2026-09-05 | 16:09:18] INFO     [STRMCNTR] URL 55) Captured M3U8                                                  (stc.py:303)
[2026-09-05 | 16:09:18] INFO     [STRMCNTR] URL 56) Captured M3U8                                                  (stc.py:303)
[2026-09-05 | 16:09:18] INFO     [STRMCNTR] URL 57) Captured M3U8                                                  (stc.py:303)
[2026-09-05 | 16:09:19] INFO     [STRMCNTR] URL 58) Captured M3U8                                                  (stc.py:303)
[2026-09-05 | 16:09:19] INFO     [STRMCNTR] URL 59) Captured M3U8                                                  (stc.py:303)
[2026-09-05 | 16:09:19] INFO     [STRMCNTR] URL 60) Captured M3U8                                                  (stc.py:303)
[2026-09-05 | 16:09:19] ERROR    [STRMCNTR] URL 61) Failed to fetch "https://streamecenter.live/api/stream-link/iframe/event-espn-league-soccer-esp-1-401882887/df42acc0-98ed-4a9d-a0c6-1db7c4750781": Client error '429 Too Many Requests' for url 'https://streamcenter.st/api/stream-link/iframe/event-espn-league-soccer-esp-1-401882887/df42acc0-98ed-4a9d-a0c6-1db7c4750781'
For more information check: https://developer.mozilla.org/en-US/docs/Web/HTTP/Status/429 (stc.py:206)
[2026-09-05 | 16:09:20] ERROR    [STRMCNTR] URL 62) Failed to fetch "https://streamecenter.live/api/stream-link/iframe/event-espn-league-baseball-mlb-401816815/36896cf1-1682-481f-8407-a452df2eae0d": Client error '429 Too Many Requests' for url 'https://streamcenter.st/api/stream-link/iframe/event-espn-league-baseball-mlb-401816815/36896cf1-1682-481f-8407-a452df2eae0d'
For more information check: https://developer.mozilla.org/en-US/docs/Web/HTTP/Status/429 (stc.py:206)
[2026-09-05 | 16:09:20] ERROR    [STRMCNTR] URL 63) Failed to fetch "https://streamecenter.live/api/stream-link/iframe/event-espn-league-baseball-mlb-401816818/b332420d-06a5-4cff-a4c2-a1e00c774c13": Client error '429 Too Many Requests' for url 'https://streamcenter.st/api/stream-link/iframe/event-espn-league-baseball-mlb-401816818/b332420d-06a5-4cff-a4c2-a1e00c774c13'
For more information check: https://developer.mozilla.org/en-US/docs/Web/HTTP/Status/429 (stc.py:206)
[2026-09-05 | 16:09:20] ERROR    [STRMCNTR] URL 64) Failed to fetch "https://streamecenter.live/api/stream-link/iframe/event-espn-league-baseball-mlb-401816813/ac54e9ef-6845-4ed6-84d1-f6d9150ae770": Client error '429 Too Many Requests' for url 'https://streamcenter.st/api/stream-link/iframe/event-espn-league-baseball-mlb-401816813/ac54e9ef-6845-4ed6-84d1-f6d9150ae770'
For more information check: https://developer.mozilla.org/en-US/docs/Web/HTTP/Status/429 (stc.py:206)
[2026-09-05 | 16:09:20] ERROR    [STRMCNTR] URL 65) Failed to fetch "https://streamecenter.live/api/stream-link/iframe/event-espn-league-baseball-mlb-401816816/5f34539d-da8c-4a00-ad2b-22659e637692": Client error '429 Too Many Requests' for url 'https://streamcenter.st/api/stream-link/iframe/event-espn-league-baseball-mlb-401816816/5f34539d-da8c-4a00-ad2b-22659e637692'
For more information check: https://developer.mozilla.org/en-US/docs/Web/HTTP/Status/429 (stc.py:206)
[2026-09-05 | 16:09:20] ERROR    [STRMCNTR] URL 66) Failed to fetch "https://streamecenter.live/api/stream-link/iframe/event-espn-league-baseball-mlb-401816812/fec9ff6e-b00e-4f56-a67b-e98f12877f2c": Client error '429 Too Many Requests' for url 'https://streamcenter.st/api/stream-link/iframe/event-espn-league-baseball-mlb-401816812/fec9ff6e-b00e-4f56-a67b-e98f12877f2c'
For more information check: https://developer.mozilla.org/en-US/docs/Web/HTTP/Status/429 (stc.py:206)
[2026-09-05 | 16:09:21] ERROR    [STRMCNTR] URL 67) Failed to fetch "https://streamecenter.live/api/stream-link/iframe/event-espn-league-baseball-mlb-401816817/81f1a916-22b6-4658-9bdb-9474c5d85e80": Client error '429 Too Many Requests' for url 'https://streamcenter.st/api/stream-link/iframe/event-espn-league-baseball-mlb-401816817/81f1a916-22b6-4658-9bdb-9474c5d85e80'
For more information check: https://developer.mozilla.org/en-US/docs/Web/HTTP/Status/429 (stc.py:206)
[2026-09-05 | 16:09:21] ERROR    [STRMCNTR] URL 68) Failed to fetch "https://streamecenter.live/api/stream-link/iframe/event-espn-league-baseball-mlb-401816814/383e56b5-921c-4c4d-ab5e-7b46ef0c9f94": Client error '429 Too Many Requests' for url 'https://streamcenter.st/api/stream-link/iframe/event-espn-league-baseball-mlb-401816814/383e56b5-921c-4c4d-ab5e-7b46ef0c9f94'
For more information check: https://developer.mozilla.org/en-US/docs/Web/HTTP/Status/429 (stc.py:206)
[2026-09-05 | 16:09:21] ERROR    [STRMCNTR] URL 69) Failed to fetch "https://streamecenter.live/api/stream-link/iframe/event-espn-league-baseball-mlb-401816821/38f9eea3-ec8d-450b-8762-8ddee2b7efed": Client error '429 Too Many Requests' for url 'https://streamcenter.st/api/stream-link/iframe/event-espn-league-baseball-mlb-401816821/38f9eea3-ec8d-450b-8762-8ddee2b7efed'
For more information check: https://developer.mozilla.org/en-US/docs/Web/HTTP/Status/429 (stc.py:206)
[2026-09-05 | 16:09:21] ERROR    [STRMCNTR] URL 70) Failed to fetch "https://streamecenter.live/api/stream-link/iframe/event-espn-league-baseball-mlb-401816820/4b6968f3-57be-49a0-8b77-66f8049af20a": Client error '429 Too Many Requests' for url 'https://streamcenter.st/api/stream-link/iframe/event-espn-league-baseball-mlb-401816820/4b6968f3-57be-49a0-8b77-66f8049af20a'
For more information check: https://developer.mozilla.org/en-US/docs/Web/HTTP/Status/429 (stc.py:206)
[2026-09-05 | 16:09:21] ERROR    [STRMCNTR] URL 71) Failed to fetch "https://streamecenter.live/api/stream-link/iframe/event-espn-league-baseball-mlb-401816822/4927ce3e-30b8-47fc-b08c-3987d0638437": Client error '429 Too Many Requests' for url 'https://streamcenter.st/api/stream-link/iframe/event-espn-league-baseball-mlb-401816822/4927ce3e-30b8-47fc-b08c-3987d0638437'
For more information check: https://developer.mozilla.org/en-US/docs/Web/HTTP/Status/429 (stc.py:206)
[2026-09-05 | 16:09:21] ERROR    [STRMCNTR] URL 72) Failed to fetch "https://streamecenter.live/api/stream-link/iframe/event-espn-league-baseball-mlb-401816819/5ea765f0-a08e-45d2-9aca-fd8eacb785bd": Client error '429 Too Many Requests' for url 'https://streamcenter.st/api/stream-link/iframe/event-espn-league-baseball-mlb-401816819/5ea765f0-a08e-45d2-9aca-fd8eacb785bd'
For more information check: https://developer.mozilla.org/en-US/docs/Web/HTTP/Status/429 (stc.py:206)
[2026-09-05 | 16:09:22] ERROR    [STRMCNTR] URL 73) Failed to fetch "https://streamecenter.live/api/stream-link/iframe/event-espn-league-baseball-mlb-401816825/c74718c9-5df0-4595-a7d4-bc4817aabe83": Client error '429 Too Many Requests' for url 'https://streamcenter.st/api/stream-link/iframe/event-espn-league-baseball-mlb-401816825/c74718c9-5df0-4595-a7d4-bc4817aabe83'
For more information check: https://developer.mozilla.org/en-US/docs/Web/HTTP/Status/429 (stc.py:206)
[2026-09-05 | 16:09:22] ERROR    [STRMCNTR] URL 74) Failed to fetch "https://streamecenter.live/api/stream-link/iframe/event-espn-league-baseball-mlb-401816823/260e4320-f27d-4523-bdfe-2645eaba2a15": Client error '429 Too Many Requests' for url 'https://streamcenter.st/api/stream-link/iframe/event-espn-league-baseball-mlb-401816823/260e4320-f27d-4523-bdfe-2645eaba2a15'
For more information check: https://developer.mozilla.org/en-US/docs/Web/HTTP/Status/429 (stc.py:206)
[2026-09-05 | 16:09:22] ERROR    [STRMCNTR] URL 75) Failed to fetch "https://streamecenter.live/api/stream-link/iframe/event-espn-league-baseball-mlb-401816826/cfc3bc1f-35ba-490f-8995-16e2aa4491f0": Client error '429 Too Many Requests' for url 'https://streamcenter.st/api/stream-link/iframe/event-espn-league-baseball-mlb-401816826/cfc3bc1f-35ba-490f-8995-16e2aa4491f0'
For more information check: https://developer.mozilla.org/en-US/docs/Web/HTTP/Status/429 (stc.py:206)
[2026-09-05 | 16:09:22] ERROR    [STRMCNTR] URL 76) Failed to fetch "https://streamecenter.live/api/stream-link/iframe/event-espn-league-baseball-mlb-401816824/54811a8b-67e5-4ce2-8408-46b8fdb122b1": Client error '429 Too Many Requests' for url 'https://streamcenter.st/api/stream-link/iframe/event-espn-league-baseball-mlb-401816824/54811a8b-67e5-4ce2-8408-46b8fdb122b1'
For more information check: https://developer.mozilla.org/en-US/docs/Web/HTTP/Status/429 (stc.py:206)
[2026-09-05 | 16:09:23] ERROR    [STRMCNTR] URL 77) Failed to fetch "https://streamecenter.live/api/stream-link/iframe/custom-8f6cf459-1f17-4b51-a784-e56665a350ae/1409de70-6197-4a3a-931e-1b571abef4fa": Client error '429 Too Many Requests' for url 'https://streamcenter.st/api/stream-link/iframe/custom-8f6cf459-1f17-4b51-a784-e56665a350ae/1409de70-6197-4a3a-931e-1b571abef4fa'
For more information check: https://developer.mozilla.org/en-US/docs/Web/HTTP/Status/429 (stc.py:206)
[2026-09-05 | 16:09:23] INFO     [STRMCNTR] Collected 60 event(s)                                                  (stc.py:515)
[2026-09-05 | 18:26:57] INFO     [STRMCNTR] Scraping from "https://streamecenter.live"                             (stc.py:431)
[2026-09-05 | 18:26:59] INFO     [STRMCNTR] Processing 70 URL(s)                                                   (stc.py:459)
[2026-09-05 | 18:27:00] INFO     [STRMCNTR] URL 1) Captured M3U8                                                   (stc.py:303)
[2026-09-05 | 18:27:00] INFO     [STRMCNTR] URL 2) Captured M3U8                                                   (stc.py:303)
[2026-09-05 | 18:27:01] INFO     [STRMCNTR] URL 3) Captured M3U8                                                   (stc.py:303)
[2026-09-05 | 18:27:01] INFO     [STRMCNTR] URL 4) Captured M3U8                                                   (stc.py:303)
[2026-09-05 | 18:27:02] INFO     [STRMCNTR] URL 5) Captured M3U8                                                   (stc.py:303)
[2026-09-05 | 18:27:02] INFO     [STRMCNTR] URL 6) Captured M3U8                                                   (stc.py:303)
[2026-09-05 | 18:27:03] ERROR    [STRMCNTR] URL 7) Failed to fetch "https://streamecenter.live/api/stream-link/iframe/event-espn-league-football-college-football-401861962/e498b828-179d-467a-822c-1c423bd5b9ec": Client error '404 Not Found' for url 'https://streamcenter.st/api/stream-link/iframe/event-espn-league-football-college-football-401861962/e498b828-179d-467a-822c-1c423bd5b9ec'
For more information check: https://developer.mozilla.org/en-US/docs/Web/HTTP/Status/404 (stc.py:206)
[2026-09-05 | 18:27:03] INFO     [STRMCNTR] URL 8) Captured M3U8                                                   (stc.py:303)
[2026-09-05 | 18:27:04] INFO     [STRMCNTR] URL 9) Captured M3U8                                                   (stc.py:303)
[2026-09-05 | 18:27:04] INFO     [STRMCNTR] URL 10) Captured M3U8                                                  (stc.py:303)
[2026-09-05 | 18:27:05] INFO     [STRMCNTR] URL 11) Captured M3U8                                                  (stc.py:303)
[2026-09-05 | 18:27:05] INFO     [STRMCNTR] URL 12) Captured M3U8                                                  (stc.py:303)
[2026-09-05 | 18:27:06] INFO     [STRMCNTR] URL 13) Captured M3U8                                                  (stc.py:303)
[2026-09-05 | 18:27:06] INFO     [STRMCNTR] URL 14) Captured M3U8                                                  (stc.py:303)
[2026-09-05 | 18:27:07] INFO     [STRMCNTR] URL 15) Captured M3U8                                                  (stc.py:303)
[2026-09-05 | 18:27:08] INFO     [STRMCNTR] URL 16) Captured M3U8                                                  (stc.py:303)
[2026-09-05 | 18:27:08] INFO     [STRMCNTR] URL 17) Captured M3U8                                                  (stc.py:303)
[2026-09-05 | 18:27:09] INFO     [STRMCNTR] URL 18) Captured M3U8                                                  (stc.py:303)
[2026-09-05 | 18:27:09] INFO     [STRMCNTR] URL 19) Captured M3U8                                                  (stc.py:303)
[2026-09-05 | 18:27:10] INFO     [STRMCNTR] URL 20) Captured M3U8                                                  (stc.py:303)
[2026-09-05 | 18:27:10] INFO     [STRMCNTR] URL 21) Captured M3U8                                                  (stc.py:303)
[2026-09-05 | 18:27:11] INFO     [STRMCNTR] URL 22) Captured M3U8                                                  (stc.py:303)
[2026-09-05 | 18:27:11] INFO     [STRMCNTR] URL 23) Captured M3U8                                                  (stc.py:303)
[2026-09-05 | 18:27:12] INFO     [STRMCNTR] URL 24) Captured M3U8                                                  (stc.py:303)
[2026-09-05 | 18:27:12] INFO     [STRMCNTR] URL 25) Captured M3U8                                                  (stc.py:303)
[2026-09-05 | 18:27:13] INFO     [STRMCNTR] URL 26) Captured M3U8                                                  (stc.py:303)
[2026-09-05 | 18:27:14] INFO     [STRMCNTR] URL 27) Captured M3U8                                                  (stc.py:303)
[2026-09-05 | 18:27:14] INFO     [STRMCNTR] URL 28) Captured M3U8                                                  (stc.py:303)
[2026-09-05 | 18:27:15] INFO     [STRMCNTR] URL 29) Captured M3U8                                                  (stc.py:303)
[2026-09-05 | 18:27:15] INFO     [STRMCNTR] URL 30) Captured M3U8                                                  (stc.py:303)
[2026-09-05 | 18:27:16] INFO     [STRMCNTR] URL 31) Captured M3U8                                                  (stc.py:303)
[2026-09-05 | 18:27:16] INFO     [STRMCNTR] URL 32) Captured M3U8                                                  (stc.py:303)
[2026-09-05 | 18:27:17] INFO     [STRMCNTR] URL 33) Captured M3U8                                                  (stc.py:303)
[2026-09-05 | 18:27:17] INFO     [STRMCNTR] URL 34) Captured M3U8                                                  (stc.py:303)
[2026-09-05 | 18:27:18] INFO     [STRMCNTR] URL 35) Captured M3U8                                                  (stc.py:303)
[2026-09-05 | 18:27:18] INFO     [STRMCNTR] URL 36) Captured M3U8                                                  (stc.py:303)
[2026-09-05 | 18:27:19] INFO     [STRMCNTR] URL 37) Captured M3U8                                                  (stc.py:303)
[2026-09-05 | 18:27:19] INFO     [STRMCNTR] URL 38) Captured M3U8                                                  (stc.py:303)
[2026-09-05 | 18:27:20] INFO     [STRMCNTR] URL 39) Captured M3U8                                                  (stc.py:303)
[2026-09-05 | 18:27:20] INFO     [STRMCNTR] URL 40) Captured M3U8                                                  (stc.py:303)
[2026-09-05 | 18:27:21] INFO     [STRMCNTR] URL 41) Captured M3U8                                                  (stc.py:303)
[2026-09-05 | 18:27:21] INFO     [STRMCNTR] URL 42) Captured M3U8                                                  (stc.py:303)
[2026-09-05 | 18:27:22] INFO     [STRMCNTR] URL 43) Captured M3U8                                                  (stc.py:303)
[2026-09-05 | 18:27:22] INFO     [STRMCNTR] URL 44) Captured M3U8                                                  (stc.py:303)
[2026-09-05 | 18:27:23] INFO     [STRMCNTR] URL 45) Captured M3U8                                                  (stc.py:303)
[2026-09-05 | 18:27:23] INFO     [STRMCNTR] URL 46) Captured M3U8                                                  (stc.py:303)
[2026-09-05 | 18:27:24] INFO     [STRMCNTR] URL 47) Captured M3U8                                                  (stc.py:303)
[2026-09-05 | 18:27:24] INFO     [STRMCNTR] URL 48) Captured M3U8                                                  (stc.py:303)
[2026-09-05 | 18:27:25] INFO     [STRMCNTR] URL 49) Captured M3U8                                                  (stc.py:303)
[2026-09-05 | 18:27:25] INFO     [STRMCNTR] URL 50) Captured M3U8                                                  (stc.py:303)
[2026-09-05 | 18:27:26] INFO     [STRMCNTR] URL 51) Captured M3U8                                                  (stc.py:303)
[2026-09-05 | 18:27:26] INFO     [STRMCNTR] URL 52) Captured M3U8                                                  (stc.py:303)
[2026-09-05 | 18:27:27] INFO     [STRMCNTR] URL 53) Captured M3U8                                                  (stc.py:303)
[2026-09-05 | 18:27:27] INFO     [STRMCNTR] URL 54) Captured M3U8                                                  (stc.py:303)
[2026-09-05 | 18:27:28] INFO     [STRMCNTR] URL 55) Captured M3U8                                                  (stc.py:303)
[2026-09-05 | 18:27:28] INFO     [STRMCNTR] URL 56) Captured M3U8                                                  (stc.py:303)
[2026-09-05 | 18:27:29] INFO     [STRMCNTR] URL 57) Captured M3U8                                                  (stc.py:303)
[2026-09-05 | 18:27:29] INFO     [STRMCNTR] URL 58) Captured M3U8                                                  (stc.py:303)
[2026-09-05 | 18:27:30] INFO     [STRMCNTR] URL 59) Captured M3U8                                                  (stc.py:303)
[2026-09-05 | 18:27:30] INFO     [STRMCNTR] URL 60) Captured M3U8                                                  (stc.py:303)
[2026-09-05 | 18:27:31] ERROR    [STRMCNTR] URL 61) Failed to fetch "https://streamecenter.live/api/stream-link/iframe/event-espn-league-baseball-mlb-401816814/383e56b5-921c-4c4d-ab5e-7b46ef0c9f94": Client error '429 Too Many Requests' for url 'https://streamcenter.st/api/stream-link/iframe/event-espn-league-baseball-mlb-401816814/383e56b5-921c-4c4d-ab5e-7b46ef0c9f94'
For more information check: https://developer.mozilla.org/en-US/docs/Web/HTTP/Status/429 (stc.py:206)
[2026-09-05 | 18:27:31] ERROR    [STRMCNTR] URL 62) Failed to fetch "https://streamecenter.live/api/stream-link/iframe/event-espn-league-baseball-mlb-401816821/38f9eea3-ec8d-450b-8762-8ddee2b7efed": Client error '429 Too Many Requests' for url 'https://streamcenter.st/api/stream-link/iframe/event-espn-league-baseball-mlb-401816821/38f9eea3-ec8d-450b-8762-8ddee2b7efed'
For more information check: https://developer.mozilla.org/en-US/docs/Web/HTTP/Status/429 (stc.py:206)
[2026-09-05 | 18:27:31] ERROR    [STRMCNTR] URL 63) Failed to fetch "https://streamecenter.live/api/stream-link/iframe/event-espn-league-baseball-mlb-401816820/4b6968f3-57be-49a0-8b77-66f8049af20a": Client error '429 Too Many Requests' for url 'https://streamcenter.st/api/stream-link/iframe/event-espn-league-baseball-mlb-401816820/4b6968f3-57be-49a0-8b77-66f8049af20a'
For more information check: https://developer.mozilla.org/en-US/docs/Web/HTTP/Status/429 (stc.py:206)
[2026-09-05 | 18:27:32] ERROR    [STRMCNTR] URL 64) Failed to fetch "https://streamecenter.live/api/stream-link/iframe/event-espn-league-baseball-mlb-401816822/4927ce3e-30b8-47fc-b08c-3987d0638437": Client error '429 Too Many Requests' for url 'https://streamcenter.st/api/stream-link/iframe/event-espn-league-baseball-mlb-401816822/4927ce3e-30b8-47fc-b08c-3987d0638437'
For more information check: https://developer.mozilla.org/en-US/docs/Web/HTTP/Status/429 (stc.py:206)
[2026-09-05 | 18:27:32] ERROR    [STRMCNTR] URL 65) Failed to fetch "https://streamecenter.live/api/stream-link/iframe/event-espn-league-baseball-mlb-401816819/5ea765f0-a08e-45d2-9aca-fd8eacb785bd": Client error '429 Too Many Requests' for url 'https://streamcenter.st/api/stream-link/iframe/event-espn-league-baseball-mlb-401816819/5ea765f0-a08e-45d2-9aca-fd8eacb785bd'
For more information check: https://developer.mozilla.org/en-US/docs/Web/HTTP/Status/429 (stc.py:206)
[2026-09-05 | 18:27:32] ERROR    [STRMCNTR] URL 66) Failed to fetch "https://streamecenter.live/api/stream-link/iframe/event-espn-league-baseball-mlb-401816825/c74718c9-5df0-4595-a7d4-bc4817aabe83": Client error '429 Too Many Requests' for url 'https://streamcenter.st/api/stream-link/iframe/event-espn-league-baseball-mlb-401816825/c74718c9-5df0-4595-a7d4-bc4817aabe83'
For more information check: https://developer.mozilla.org/en-US/docs/Web/HTTP/Status/429 (stc.py:206)
[2026-09-05 | 18:27:33] ERROR    [STRMCNTR] URL 67) Failed to fetch "https://streamecenter.live/api/stream-link/iframe/event-espn-league-baseball-mlb-401816823/260e4320-f27d-4523-bdfe-2645eaba2a15": Client error '429 Too Many Requests' for url 'https://streamcenter.st/api/stream-link/iframe/event-espn-league-baseball-mlb-401816823/260e4320-f27d-4523-bdfe-2645eaba2a15'
For more information check: https://developer.mozilla.org/en-US/docs/Web/HTTP/Status/429 (stc.py:206)
[2026-09-05 | 18:27:33] ERROR    [STRMCNTR] URL 68) Failed to fetch "https://streamecenter.live/api/stream-link/iframe/event-espn-league-baseball-mlb-401816826/cfc3bc1f-35ba-490f-8995-16e2aa4491f0": Client error '429 Too Many Requests' for url 'https://streamcenter.st/api/stream-link/iframe/event-espn-league-baseball-mlb-401816826/cfc3bc1f-35ba-490f-8995-16e2aa4491f0'
For more information check: https://developer.mozilla.org/en-US/docs/Web/HTTP/Status/429 (stc.py:206)
[2026-09-05 | 18:27:33] ERROR    [STRMCNTR] URL 69) Failed to fetch "https://streamecenter.live/api/stream-link/iframe/event-espn-league-baseball-mlb-401816824/54811a8b-67e5-4ce2-8408-46b8fdb122b1": Client error '429 Too Many Requests' for url 'https://streamcenter.st/api/stream-link/iframe/event-espn-league-baseball-mlb-401816824/54811a8b-67e5-4ce2-8408-46b8fdb122b1'
For more information check: https://developer.mozilla.org/en-US/docs/Web/HTTP/Status/429 (stc.py:206)
[2026-09-05 | 18:27:34] ERROR    [STRMCNTR] URL 70) Failed to fetch "https://streamecenter.live/api/stream-link/iframe/custom-8f6cf459-1f17-4b51-a784-e56665a350ae/1409de70-6197-4a3a-931e-1b571abef4fa": Client error '429 Too Many Requests' for url 'https://streamcenter.st/api/stream-link/iframe/custom-8f6cf459-1f17-4b51-a784-e56665a350ae/1409de70-6197-4a3a-931e-1b571abef4fa'
For more information check: https://developer.mozilla.org/en-US/docs/Web/HTTP/Status/429 (stc.py:206)
[2026-09-05 | 18:27:34] INFO     [STRMCNTR] Collected 60 event(s)                                                  (stc.py:515)
[2026-09-05 | 20:32:47] INFO     [STRMCNTR] Scraping from "https://streamecenter.live"                             (stc.py:431)
[2026-09-05 | 20:32:48] INFO     [STRMCNTR] Processing 55 URL(s)                                                   (stc.py:459)
[2026-09-05 | 20:32:49] INFO     [STRMCNTR] URL 1) Captured M3U8                                                   (stc.py:303)
[2026-09-05 | 20:32:49] INFO     [STRMCNTR] URL 2) Captured M3U8                                                   (stc.py:303)
[2026-09-05 | 20:32:50] INFO     [STRMCNTR] URL 3) Captured M3U8                                                   (stc.py:303)
[2026-09-05 | 20:32:50] INFO     [STRMCNTR] URL 4) Captured M3U8                                                   (stc.py:303)
[2026-09-05 | 20:32:50] INFO     [STRMCNTR] URL 5) Captured M3U8                                                   (stc.py:303)
[2026-09-05 | 20:32:51] INFO     [STRMCNTR] URL 6) Captured M3U8                                                   (stc.py:303)
[2026-09-05 | 20:32:51] INFO     [STRMCNTR] URL 7) Captured M3U8                                                   (stc.py:303)
[2026-09-05 | 20:32:51] INFO     [STRMCNTR] URL 8) Captured M3U8                                                   (stc.py:303)
[2026-09-05 | 20:32:52] INFO     [STRMCNTR] URL 9) Captured M3U8                                                   (stc.py:303)
[2026-09-05 | 20:32:52] INFO     [STRMCNTR] URL 10) Captured M3U8                                                  (stc.py:303)
[2026-09-05 | 20:32:52] INFO     [STRMCNTR] URL 11) Captured M3U8                                                  (stc.py:303)
[2026-09-05 | 20:32:53] INFO     [STRMCNTR] URL 12) Captured M3U8                                                  (stc.py:303)
[2026-09-05 | 20:32:53] INFO     [STRMCNTR] URL 13) Captured M3U8                                                  (stc.py:303)
[2026-09-05 | 20:32:53] INFO     [STRMCNTR] URL 14) Captured M3U8                                                  (stc.py:303)
[2026-09-05 | 20:32:54] INFO     [STRMCNTR] URL 15) Captured M3U8                                                  (stc.py:303)
[2026-09-05 | 20:32:54] INFO     [STRMCNTR] URL 16) Captured M3U8                                                  (stc.py:303)
[2026-09-05 | 20:32:54] INFO     [STRMCNTR] URL 17) Captured M3U8                                                  (stc.py:303)
[2026-09-05 | 20:32:54] INFO     [STRMCNTR] URL 18) Captured M3U8                                                  (stc.py:303)
[2026-09-05 | 20:32:55] INFO     [STRMCNTR] URL 19) Captured M3U8                                                  (stc.py:303)
[2026-09-05 | 20:32:55] INFO     [STRMCNTR] URL 20) Captured M3U8                                                  (stc.py:303)
[2026-09-05 | 20:32:55] INFO     [STRMCNTR] URL 21) Captured M3U8                                                  (stc.py:303)
[2026-09-05 | 20:32:56] INFO     [STRMCNTR] URL 22) Captured M3U8                                                  (stc.py:303)
[2026-09-05 | 20:32:56] INFO     [STRMCNTR] URL 23) Captured M3U8                                                  (stc.py:303)
[2026-09-05 | 20:32:56] INFO     [STRMCNTR] URL 24) Captured M3U8                                                  (stc.py:303)
[2026-09-05 | 20:32:57] INFO     [STRMCNTR] URL 25) Captured M3U8                                                  (stc.py:303)
[2026-09-05 | 20:32:57] INFO     [STRMCNTR] URL 26) Captured M3U8                                                  (stc.py:303)
[2026-09-05 | 20:32:57] INFO     [STRMCNTR] URL 27) Captured M3U8                                                  (stc.py:303)
[2026-09-05 | 20:32:58] INFO     [STRMCNTR] URL 28) Captured M3U8                                                  (stc.py:303)
[2026-09-05 | 20:32:58] INFO     [STRMCNTR] URL 29) Captured M3U8                                                  (stc.py:303)
[2026-09-05 | 20:32:58] INFO     [STRMCNTR] URL 30) Captured M3U8                                                  (stc.py:303)
[2026-09-05 | 20:32:59] INFO     [STRMCNTR] URL 31) Captured M3U8                                                  (stc.py:303)
[2026-09-05 | 20:32:59] INFO     [STRMCNTR] URL 32) Captured M3U8                                                  (stc.py:303)
[2026-09-05 | 20:32:59] INFO     [STRMCNTR] URL 33) Captured M3U8                                                  (stc.py:303)
[2026-09-05 | 20:33:00] INFO     [STRMCNTR] URL 34) Captured M3U8                                                  (stc.py:303)
[2026-09-05 | 20:33:00] INFO     [STRMCNTR] URL 35) Captured M3U8                                                  (stc.py:303)
[2026-09-05 | 20:33:00] INFO     [STRMCNTR] URL 36) Captured M3U8                                                  (stc.py:303)
[2026-09-05 | 20:33:02] INFO     [STRMCNTR] URL 37) Captured M3U8                                                  (stc.py:303)
[2026-09-05 | 20:33:02] INFO     [STRMCNTR] URL 38) Captured M3U8                                                  (stc.py:303)
[2026-09-05 | 20:33:02] INFO     [STRMCNTR] URL 39) Captured M3U8                                                  (stc.py:303)
[2026-09-05 | 20:33:02] INFO     [STRMCNTR] URL 40) Captured M3U8                                                  (stc.py:303)
[2026-09-05 | 20:33:03] INFO     [STRMCNTR] URL 41) Captured M3U8                                                  (stc.py:303)
[2026-09-05 | 20:33:03] INFO     [STRMCNTR] URL 42) Captured M3U8                                                  (stc.py:303)
[2026-09-05 | 20:33:03] INFO     [STRMCNTR] URL 43) Captured M3U8                                                  (stc.py:303)
[2026-09-05 | 20:33:04] INFO     [STRMCNTR] URL 44) Captured M3U8                                                  (stc.py:303)
[2026-09-05 | 20:33:04] INFO     [STRMCNTR] URL 45) Captured M3U8                                                  (stc.py:303)
[2026-09-05 | 20:33:04] INFO     [STRMCNTR] URL 46) Captured M3U8                                                  (stc.py:303)
[2026-09-05 | 20:33:05] INFO     [STRMCNTR] URL 47) Captured M3U8                                                  (stc.py:303)
[2026-09-05 | 20:33:05] INFO     [STRMCNTR] URL 48) Captured M3U8                                                  (stc.py:303)
[2026-09-05 | 20:33:05] INFO     [STRMCNTR] URL 49) Captured M3U8                                                  (stc.py:303)
[2026-09-05 | 20:33:06] INFO     [STRMCNTR] URL 50) Captured M3U8                                                  (stc.py:303)
[2026-09-05 | 20:33:06] INFO     [STRMCNTR] URL 51) Captured M3U8                                                  (stc.py:303)
[2026-09-05 | 20:33:06] INFO     [STRMCNTR] URL 52) Captured M3U8                                                  (stc.py:303)
[2026-09-05 | 20:33:07] INFO     [STRMCNTR] URL 53) Captured M3U8                                                  (stc.py:303)
[2026-09-05 | 20:33:07] INFO     [STRMCNTR] URL 54) Captured M3U8                                                  (stc.py:303)
[2026-09-05 | 20:33:07] INFO     [STRMCNTR] URL 55) Captured M3U8                                                  (stc.py:303)
[2026-09-05 | 20:33:07] INFO     [STRMCNTR] Collected 55 event(s)                                                  (stc.py:515)
[2026-09-05 | 22:26:56] INFO     [STRMCNTR] Scraping from "https://streamecenter.live"                             (stc.py:431)
[2026-09-05 | 22:26:57] INFO     [STRMCNTR] Processing 47 URL(s)                                                   (stc.py:459)
[2026-09-05 | 22:26:59] INFO     [STRMCNTR] URL 1) Captured M3U8                                                   (stc.py:303)
[2026-09-05 | 22:26:59] INFO     [STRMCNTR] URL 2) Captured M3U8                                                   (stc.py:303)
[2026-09-05 | 22:27:00] INFO     [STRMCNTR] URL 3) Captured M3U8                                                   (stc.py:303)
[2026-09-05 | 22:27:00] INFO     [STRMCNTR] URL 4) Captured M3U8                                                   (stc.py:303)
[2026-09-05 | 22:27:00] INFO     [STRMCNTR] URL 5) Captured M3U8                                                   (stc.py:303)
[2026-09-05 | 22:27:01] INFO     [STRMCNTR] URL 6) Captured M3U8                                                   (stc.py:303)
[2026-09-05 | 22:27:01] INFO     [STRMCNTR] URL 7) Captured M3U8                                                   (stc.py:303)
[2026-09-05 | 22:27:02] INFO     [STRMCNTR] URL 8) Captured M3U8                                                   (stc.py:303)
[2026-09-05 | 22:27:02] INFO     [STRMCNTR] URL 9) Captured M3U8                                                   (stc.py:303)
[2026-09-05 | 22:27:03] INFO     [STRMCNTR] URL 10) Captured M3U8                                                  (stc.py:303)
[2026-09-05 | 22:27:04] INFO     [STRMCNTR] URL 11) Captured M3U8                                                  (stc.py:303)
[2026-09-05 | 22:27:04] INFO     [STRMCNTR] URL 12) Captured M3U8                                                  (stc.py:303)
[2026-09-05 | 22:27:04] INFO     [STRMCNTR] URL 13) Captured M3U8                                                  (stc.py:303)
[2026-09-05 | 22:27:05] INFO     [STRMCNTR] URL 14) Captured M3U8                                                  (stc.py:303)
[2026-09-05 | 22:27:05] INFO     [STRMCNTR] URL 15) Captured M3U8                                                  (stc.py:303)
[2026-09-05 | 22:27:06] INFO     [STRMCNTR] URL 16) Captured M3U8                                                  (stc.py:303)
[2026-09-05 | 22:27:06] INFO     [STRMCNTR] URL 17) Captured M3U8                                                  (stc.py:303)
[2026-09-05 | 22:27:07] INFO     [STRMCNTR] URL 18) Captured M3U8                                                  (stc.py:303)
[2026-09-05 | 22:27:07] INFO     [STRMCNTR] URL 19) Captured M3U8                                                  (stc.py:303)
[2026-09-05 | 22:27:08] INFO     [STRMCNTR] URL 20) Captured M3U8                                                  (stc.py:303)
[2026-09-05 | 22:27:08] INFO     [STRMCNTR] URL 21) Captured M3U8                                                  (stc.py:303)
[2026-09-05 | 22:27:09] INFO     [STRMCNTR] URL 22) Captured M3U8                                                  (stc.py:303)
[2026-09-05 | 22:27:10] INFO     [STRMCNTR] URL 23) Captured M3U8                                                  (stc.py:303)
[2026-09-05 | 22:27:10] INFO     [STRMCNTR] URL 24) Captured M3U8                                                  (stc.py:303)
[2026-09-05 | 22:27:11] INFO     [STRMCNTR] URL 25) Captured M3U8                                                  (stc.py:303)
[2026-09-05 | 22:27:11] INFO     [STRMCNTR] URL 26) Captured M3U8                                                  (stc.py:303)
[2026-09-05 | 22:27:11] INFO     [STRMCNTR] URL 27) Captured M3U8                                                  (stc.py:303)
[2026-09-05 | 22:27:12] INFO     [STRMCNTR] URL 28) Captured M3U8                                                  (stc.py:303)
[2026-09-05 | 22:27:13] INFO     [STRMCNTR] URL 29) Captured M3U8                                                  (stc.py:303)
[2026-09-05 | 22:27:13] INFO     [STRMCNTR] URL 30) Captured M3U8                                                  (stc.py:303)
[2026-09-05 | 22:27:14] INFO     [STRMCNTR] URL 31) Captured M3U8                                                  (stc.py:303)
[2026-09-05 | 22:27:14] INFO     [STRMCNTR] URL 32) Captured M3U8                                                  (stc.py:303)
[2026-09-05 | 22:27:15] INFO     [STRMCNTR] URL 33) Captured M3U8                                                  (stc.py:303)
[2026-09-05 | 22:27:15] INFO     [STRMCNTR] URL 34) Captured M3U8                                                  (stc.py:303)
[2026-09-05 | 22:27:15] INFO     [STRMCNTR] URL 35) Captured M3U8                                                  (stc.py:303)
[2026-09-05 | 22:27:16] INFO     [STRMCNTR] URL 36) Captured M3U8                                                  (stc.py:303)
[2026-09-05 | 22:27:16] INFO     [STRMCNTR] URL 37) Captured M3U8                                                  (stc.py:303)
[2026-09-05 | 22:27:17] INFO     [STRMCNTR] URL 38) Captured M3U8                                                  (stc.py:303)
[2026-09-05 | 22:27:18] INFO     [STRMCNTR] URL 39) Captured M3U8                                                  (stc.py:303)
[2026-09-05 | 22:27:18] INFO     [STRMCNTR] URL 40) Captured M3U8                                                  (stc.py:303)
[2026-09-05 | 22:27:18] INFO     [STRMCNTR] URL 41) Captured M3U8                                                  (stc.py:303)
[2026-09-05 | 22:27:19] INFO     [STRMCNTR] URL 42) Captured M3U8                                                  (stc.py:303)
[2026-09-05 | 22:27:19] INFO     [STRMCNTR] URL 43) Captured M3U8                                                  (stc.py:303)
[2026-09-05 | 22:27:20] INFO     [STRMCNTR] URL 44) Captured M3U8                                                  (stc.py:303)
[2026-09-05 | 22:27:21] INFO     [STRMCNTR] URL 45) Captured M3U8                                                  (stc.py:303)
[2026-09-05 | 22:27:21] INFO     [STRMCNTR] URL 46) Captured M3U8                                                  (stc.py:303)
[2026-09-05 | 22:27:21] INFO     [STRMCNTR] URL 47) Captured M3U8                                                  (stc.py:303)
[2026-09-05 | 22:27:22] INFO     [STRMCNTR] Collected 47 event(s)                                                  (stc.py:515)
[2026-09-06 | 00:04:51] INFO     [STRMCNTR] Scraping from "https://streamecenter.live"                             (stc.py:431)
[2026-09-06 | 00:04:53] INFO     [STRMCNTR] Processing 35 URL(s)                                                   (stc.py:459)
[2026-09-06 | 00:04:55] INFO     [STRMCNTR] URL 1) Captured M3U8                                                   (stc.py:303)
[2026-09-06 | 00:04:56] INFO     [STRMCNTR] URL 2) Captured M3U8                                                   (stc.py:303)
[2026-09-06 | 00:04:57] INFO     [STRMCNTR] URL 3) Captured M3U8                                                   (stc.py:303)
[2026-09-06 | 00:04:58] INFO     [STRMCNTR] URL 4) Captured M3U8                                                   (stc.py:303)
[2026-09-06 | 00:04:58] ERROR    [STRMCNTR] URL 5) Failed to fetch "https://streamecenter.live/api/stream-link/iframe/event-espn-league-football-college-football-401856669/97836ca4-c357-4241-b829-6be7a94885a5": Client error '404 Not Found' for url 'https://streamcenter.st/api/stream-link/iframe/event-espn-league-football-college-football-401856669/97836ca4-c357-4241-b829-6be7a94885a5'
For more information check: https://developer.mozilla.org/en-US/docs/Web/HTTP/Status/404 (stc.py:206)
[2026-09-06 | 00:04:59] INFO     [STRMCNTR] URL 6) Captured M3U8                                                   (stc.py:303)
[2026-09-06 | 00:05:00] ERROR    [STRMCNTR] URL 7) Failed to fetch "https://streamecenter.live/api/stream-link/iframe/event-espn-league-football-college-football-401860880/8e86add3-9eb0-4379-a5f2-8ecd349be16c": Client error '404 Not Found' for url 'https://streamcenter.st/api/stream-link/iframe/event-espn-league-football-college-football-401860880/8e86add3-9eb0-4379-a5f2-8ecd349be16c'
For more information check: https://developer.mozilla.org/en-US/docs/Web/HTTP/Status/404 (stc.py:206)
[2026-09-06 | 00:05:01] INFO     [STRMCNTR] URL 8) Captured M3U8                                                   (stc.py:303)
[2026-09-06 | 00:05:02] INFO     [STRMCNTR] URL 9) Captured M3U8                                                   (stc.py:303)
[2026-09-06 | 00:05:02] INFO     [STRMCNTR] URL 10) Captured M3U8                                                  (stc.py:303)
[2026-09-06 | 00:05:03] INFO     [STRMCNTR] URL 11) Captured M3U8                                                  (stc.py:303)
[2026-09-06 | 00:05:03] INFO     [STRMCNTR] URL 12) Captured M3U8                                                  (stc.py:303)
[2026-09-06 | 00:05:04] INFO     [STRMCNTR] URL 13) Captured M3U8                                                  (stc.py:303)
[2026-09-06 | 00:05:05] INFO     [STRMCNTR] URL 14) Captured M3U8                                                  (stc.py:303)
[2026-09-06 | 00:05:06] INFO     [STRMCNTR] URL 15) Captured M3U8                                                  (stc.py:303)
[2026-09-06 | 00:05:07] ERROR    [STRMCNTR] URL 16) Failed to fetch "https://streamecenter.live/api/stream-link/iframe/event-espn-league-football-college-football-401860879/b9ea4698-6182-47c5-b816-d6d56747d6a3": Client error '404 Not Found' for url 'https://streamcenter.st/api/stream-link/iframe/event-espn-league-football-college-football-401860879/b9ea4698-6182-47c5-b816-d6d56747d6a3'
For more information check: https://developer.mozilla.org/en-US/docs/Web/HTTP/Status/404 (stc.py:206)
[2026-09-06 | 00:05:07] INFO     [STRMCNTR] URL 17) Captured M3U8                                                  (stc.py:303)
[2026-09-06 | 00:05:08] INFO     [STRMCNTR] URL 18) Captured M3U8                                                  (stc.py:303)
[2026-09-06 | 00:05:09] ERROR    [STRMCNTR] URL 19) Failed to fetch "https://streamecenter.live/api/stream-link/iframe/event-espn-league-football-college-football-401858210/9baf50a2-27de-4b73-93ca-a8522088392c": Client error '404 Not Found' for url 'https://streamcenter.st/api/stream-link/iframe/event-espn-league-football-college-football-401858210/9baf50a2-27de-4b73-93ca-a8522088392c'
For more information check: https://developer.mozilla.org/en-US/docs/Web/HTTP/Status/404 (stc.py:206)
[2026-09-06 | 00:05:09] INFO     [STRMCNTR] URL 20) Captured M3U8                                                  (stc.py:303)
[2026-09-06 | 00:05:10] INFO     [STRMCNTR] URL 21) Captured M3U8                                                  (stc.py:303)
[2026-09-06 | 00:05:11] INFO     [STRMCNTR] URL 22) Captured M3U8                                                  (stc.py:303)
[2026-09-06 | 00:05:11] INFO     [STRMCNTR] URL 23) Captured M3U8                                                  (stc.py:303)
[2026-09-06 | 00:05:12] INFO     [STRMCNTR] URL 24) Captured M3U8                                                  (stc.py:303)
[2026-09-06 | 00:05:13] ERROR    [STRMCNTR] URL 25) Failed to fetch "https://streamecenter.live/api/stream-link/iframe/event-espn-league-baseball-mlb-401816817/81f1a916-22b6-4658-9bdb-9474c5d85e80": Client error '404 Not Found' for url 'https://streamcenter.st/api/stream-link/iframe/event-espn-league-baseball-mlb-401816817/81f1a916-22b6-4658-9bdb-9474c5d85e80'
For more information check: https://developer.mozilla.org/en-US/docs/Web/HTTP/Status/404 (stc.py:206)
[2026-09-06 | 00:05:14] INFO     [STRMCNTR] URL 26) Captured M3U8                                                  (stc.py:303)
[2026-09-06 | 00:05:15] INFO     [STRMCNTR] URL 27) Captured M3U8                                                  (stc.py:303)
[2026-09-06 | 00:05:16] INFO     [STRMCNTR] URL 28) Captured M3U8                                                  (stc.py:303)
[2026-09-06 | 00:05:17] INFO     [STRMCNTR] URL 29) Captured M3U8                                                  (stc.py:303)
[2026-09-06 | 00:05:18] INFO     [STRMCNTR] URL 30) Captured M3U8                                                  (stc.py:303)
[2026-09-06 | 00:05:18] INFO     [STRMCNTR] URL 31) Captured M3U8                                                  (stc.py:303)
[2026-09-06 | 00:05:19] INFO     [STRMCNTR] URL 32) Captured M3U8                                                  (stc.py:303)
[2026-09-06 | 00:05:20] INFO     [STRMCNTR] URL 33) Captured M3U8                                                  (stc.py:303)
[2026-09-06 | 00:05:21] INFO     [STRMCNTR] URL 34) Captured M3U8                                                  (stc.py:303)
[2026-09-06 | 00:05:22] INFO     [STRMCNTR] URL 35) Captured M3U8                                                  (stc.py:303)
[2026-09-06 | 00:05:22] INFO     [STRMCNTR] Collected 35 event(s)                                                  (stc.py:515)
[2026-09-06 | 04:52:37] INFO     [STRMCNTR] Scraping from "https://streamecenter.live"                             (stc.py:431)
[2026-09-06 | 04:52:39] INFO     [STRMCNTR] No events found                                                        (stc.py:456)
[2026-09-06 | 09:01:04] INFO     [STRMCNTR] Scraping from "https://streamecenter.live"                             (stc.py:431)
[2026-09-06 | 09:01:05] INFO     [STRMCNTR] Processing 34 URL(s)                                                   (stc.py:459)
[2026-09-06 | 09:01:06] INFO     [STRMCNTR] URL 1) Captured M3U8                                                   (stc.py:303)
[2026-09-06 | 09:01:07] INFO     [STRMCNTR] URL 2) Captured M3U8                                                   (stc.py:303)
[2026-09-06 | 09:01:07] INFO     [STRMCNTR] URL 3) Captured M3U8                                                   (stc.py:303)
[2026-09-06 | 09:01:08] INFO     [STRMCNTR] URL 4) Captured M3U8                                                   (stc.py:303)
[2026-09-06 | 09:01:08] INFO     [STRMCNTR] URL 5) Captured M3U8                                                   (stc.py:303)
[2026-09-06 | 09:01:09] INFO     [STRMCNTR] URL 6) Captured M3U8                                                   (stc.py:303)
[2026-09-06 | 09:01:09] INFO     [STRMCNTR] URL 7) Captured M3U8                                                   (stc.py:303)
[2026-09-06 | 09:01:10] INFO     [STRMCNTR] URL 8) Captured M3U8                                                   (stc.py:303)
[2026-09-06 | 09:01:10] INFO     [STRMCNTR] URL 9) Captured M3U8                                                   (stc.py:303)
[2026-09-06 | 09:01:11] INFO     [STRMCNTR] URL 10) Captured M3U8                                                  (stc.py:303)
[2026-09-06 | 09:01:11] INFO     [STRMCNTR] URL 11) Captured M3U8                                                  (stc.py:303)
[2026-09-06 | 09:01:12] INFO     [STRMCNTR] URL 12) Captured M3U8                                                  (stc.py:303)
[2026-09-06 | 09:01:12] INFO     [STRMCNTR] URL 13) Captured M3U8                                                  (stc.py:303)
[2026-09-06 | 09:01:13] INFO     [STRMCNTR] URL 14) Captured M3U8                                                  (stc.py:303)
[2026-09-06 | 09:01:13] ERROR    [STRMCNTR] URL 15) Failed to fetch "https://streamecenter.live/api/stream-link/iframe/event-espn-league-soccer-esp-1-401882896/f302812c-bdf2-4c6b-a7d1-ab5bba1a8d9f": Client error '404 Not Found' for url 'https://streamcenter.st/api/stream-link/iframe/event-espn-league-soccer-esp-1-401882896/f302812c-bdf2-4c6b-a7d1-ab5bba1a8d9f'
For more information check: https://developer.mozilla.org/en-US/docs/Web/HTTP/Status/404 (stc.py:206)
[2026-09-06 | 09:01:14] INFO     [STRMCNTR] URL 16) Captured M3U8                                                  (stc.py:303)
[2026-09-06 | 09:01:14] INFO     [STRMCNTR] URL 17) Captured M3U8                                                  (stc.py:303)
[2026-09-06 | 09:01:15] INFO     [STRMCNTR] URL 18) Captured M3U8                                                  (stc.py:303)
[2026-09-06 | 09:01:15] INFO     [STRMCNTR] URL 19) Captured M3U8                                                  (stc.py:303)
[2026-09-06 | 09:01:16] INFO     [STRMCNTR] URL 20) Captured M3U8                                                  (stc.py:303)
[2026-09-06 | 09:01:16] INFO     [STRMCNTR] URL 21) Captured M3U8                                                  (stc.py:303)
[2026-09-06 | 09:01:17] INFO     [STRMCNTR] URL 22) Captured M3U8                                                  (stc.py:303)
[2026-09-06 | 09:01:17] INFO     [STRMCNTR] URL 23) Captured M3U8                                                  (stc.py:303)
[2026-09-06 | 09:01:18] INFO     [STRMCNTR] URL 24) Captured M3U8                                                  (stc.py:303)
[2026-09-06 | 09:01:18] INFO     [STRMCNTR] URL 25) Captured M3U8                                                  (stc.py:303)
[2026-09-06 | 09:01:19] INFO     [STRMCNTR] URL 26) Captured M3U8                                                  (stc.py:303)
[2026-09-06 | 09:01:19] INFO     [STRMCNTR] URL 27) Captured M3U8                                                  (stc.py:303)
[2026-09-06 | 09:01:20] INFO     [STRMCNTR] URL 28) Captured M3U8                                                  (stc.py:303)
[2026-09-06 | 09:01:20] INFO     [STRMCNTR] URL 29) Captured M3U8                                                  (stc.py:303)
[2026-09-06 | 09:01:21] INFO     [STRMCNTR] URL 30) Captured M3U8                                                  (stc.py:303)
[2026-09-06 | 09:01:21] INFO     [STRMCNTR] URL 31) Captured M3U8                                                  (stc.py:303)
[2026-09-06 | 09:01:22] INFO     [STRMCNTR] URL 32) Captured M3U8                                                  (stc.py:303)
[2026-09-06 | 09:01:22] INFO     [STRMCNTR] URL 33) Captured M3U8                                                  (stc.py:303)
[2026-09-06 | 09:01:23] INFO     [STRMCNTR] URL 34) Captured M3U8                                                  (stc.py:303)
[2026-09-06 | 09:01:23] INFO     [STRMCNTR] Collected 33 event(s)                                                  (stc.py:515)
[2026-09-06 | 12:57:59] INFO     [STRMCNTR] Scraping from "https://streamecenter.live"                             (stc.py:431)
[2026-09-06 | 12:58:00] INFO     [STRMCNTR] Processing 34 URL(s)                                                   (stc.py:459)
[2026-09-06 | 12:58:01] INFO     [STRMCNTR] URL 1) Captured M3U8                                                   (stc.py:303)
[2026-09-06 | 12:58:01] INFO     [STRMCNTR] URL 2) Captured M3U8                                                   (stc.py:303)
[2026-09-06 | 12:58:02] INFO     [STRMCNTR] URL 3) Captured M3U8                                                   (stc.py:303)
[2026-09-06 | 12:58:02] INFO     [STRMCNTR] URL 4) Captured M3U8                                                   (stc.py:303)
[2026-09-06 | 12:58:02] INFO     [STRMCNTR] URL 5) Captured M3U8                                                   (stc.py:303)
[2026-09-06 | 12:58:03] INFO     [STRMCNTR] URL 6) Captured M3U8                                                   (stc.py:303)
[2026-09-06 | 12:58:03] INFO     [STRMCNTR] URL 7) Captured M3U8                                                   (stc.py:303)
[2026-09-06 | 12:58:03] INFO     [STRMCNTR] URL 8) Captured M3U8                                                   (stc.py:303)
[2026-09-06 | 12:58:04] INFO     [STRMCNTR] URL 9) Captured M3U8                                                   (stc.py:303)
[2026-09-06 | 12:58:05] INFO     [STRMCNTR] URL 10) Captured M3U8                                                  (stc.py:303)
[2026-09-06 | 12:58:05] INFO     [STRMCNTR] URL 11) Captured M3U8                                                  (stc.py:303)
[2026-09-06 | 12:58:05] INFO     [STRMCNTR] URL 12) Captured M3U8                                                  (stc.py:303)
[2026-09-06 | 12:58:06] INFO     [STRMCNTR] URL 13) Captured M3U8                                                  (stc.py:303)
[2026-09-06 | 12:58:06] INFO     [STRMCNTR] URL 14) Captured M3U8                                                  (stc.py:303)
[2026-09-06 | 12:58:07] INFO     [STRMCNTR] URL 15) Captured M3U8                                                  (stc.py:303)
[2026-09-06 | 12:58:07] INFO     [STRMCNTR] URL 16) Captured M3U8                                                  (stc.py:303)
[2026-09-06 | 12:58:07] INFO     [STRMCNTR] URL 17) Captured M3U8                                                  (stc.py:303)
[2026-09-06 | 12:58:08] INFO     [STRMCNTR] URL 18) Captured M3U8                                                  (stc.py:303)
[2026-09-06 | 12:58:08] INFO     [STRMCNTR] URL 19) Captured M3U8                                                  (stc.py:303)
[2026-09-06 | 12:58:09] INFO     [STRMCNTR] URL 20) Captured M3U8                                                  (stc.py:303)
[2026-09-06 | 12:58:09] INFO     [STRMCNTR] URL 21) Captured M3U8                                                  (stc.py:303)
[2026-09-06 | 12:58:10] INFO     [STRMCNTR] URL 22) Captured M3U8                                                  (stc.py:303)
[2026-09-06 | 12:58:10] INFO     [STRMCNTR] URL 23) Captured M3U8                                                  (stc.py:303)
[2026-09-06 | 12:58:11] INFO     [STRMCNTR] URL 24) Captured M3U8                                                  (stc.py:303)
[2026-09-06 | 12:58:11] INFO     [STRMCNTR] URL 25) Captured M3U8                                                  (stc.py:303)
[2026-09-06 | 12:58:12] INFO     [STRMCNTR] URL 26) Captured M3U8                                                  (stc.py:303)
[2026-09-06 | 12:58:12] INFO     [STRMCNTR] URL 27) Captured M3U8                                                  (stc.py:303)
[2026-09-06 | 12:58:13] INFO     [STRMCNTR] URL 28) Captured M3U8                                                  (stc.py:303)
[2026-09-06 | 12:58:13] INFO     [STRMCNTR] URL 29) Captured M3U8                                                  (stc.py:303)
[2026-09-06 | 12:58:14] INFO     [STRMCNTR] URL 30) Captured M3U8                                                  (stc.py:303)
[2026-09-06 | 12:58:14] INFO     [STRMCNTR] URL 31) Captured M3U8                                                  (stc.py:303)
[2026-09-06 | 12:58:15] INFO     [STRMCNTR] URL 32) Captured M3U8                                                  (stc.py:303)
[2026-09-06 | 12:58:15] INFO     [STRMCNTR] URL 33) Captured M3U8                                                  (stc.py:303)
[2026-09-06 | 12:58:16] INFO     [STRMCNTR] URL 34) Captured M3U8                                                  (stc.py:303)
[2026-09-06 | 12:58:16] INFO     [STRMCNTR] Collected 34 event(s)                                                  (stc.py:515)
[2026-09-06 | 15:58:05] INFO     [STRMCNTR] Scraping from "https://streamecenter.live"                             (stc.py:431)
[2026-09-06 | 15:58:06] INFO     [STRMCNTR] Processing 28 URL(s)                                                   (stc.py:459)
[2026-09-06 | 15:58:07] INFO     [STRMCNTR] URL 1) Captured M3U8                                                   (stc.py:303)
[2026-09-06 | 15:58:08] INFO     [STRMCNTR] URL 2) Captured M3U8                                                   (stc.py:303)
[2026-09-06 | 15:58:09] INFO     [STRMCNTR] URL 3) Captured M3U8                                                   (stc.py:303)
[2026-09-06 | 15:58:09] INFO     [STRMCNTR] URL 4) Captured M3U8                                                   (stc.py:303)
[2026-09-06 | 15:58:10] INFO     [STRMCNTR] URL 5) Captured M3U8                                                   (stc.py:303)
[2026-09-06 | 15:58:11] INFO     [STRMCNTR] URL 6) Captured M3U8                                                   (stc.py:303)
[2026-09-06 | 15:58:11] INFO     [STRMCNTR] URL 7) Captured M3U8                                                   (stc.py:303)
[2026-09-06 | 15:58:12] INFO     [STRMCNTR] URL 8) Captured M3U8                                                   (stc.py:303)
[2026-09-06 | 15:58:13] INFO     [STRMCNTR] URL 9) Captured M3U8                                                   (stc.py:303)
[2026-09-06 | 15:58:13] INFO     [STRMCNTR] URL 10) Captured M3U8                                                  (stc.py:303)
[2026-09-06 | 15:58:14] INFO     [STRMCNTR] URL 11) Captured M3U8                                                  (stc.py:303)
[2026-09-06 | 15:58:15] INFO     [STRMCNTR] URL 12) Captured M3U8                                                  (stc.py:303)
[2026-09-06 | 15:58:15] INFO     [STRMCNTR] URL 13) Captured M3U8                                                  (stc.py:303)
[2026-09-06 | 15:58:16] ERROR    [STRMCNTR] URL 14) Failed to fetch "https://streamecenter.live/api/stream-link/iframe/event-espn-league-baseball-mlb-401816832/9c4cf232-8ede-4926-94e2-6f99b7363ce0": Client error '404 Not Found' for url 'https://streamcenter.st/api/stream-link/iframe/event-espn-league-baseball-mlb-401816832/9c4cf232-8ede-4926-94e2-6f99b7363ce0'
For more information check: https://developer.mozilla.org/en-US/docs/Web/HTTP/Status/404 (stc.py:206)
[2026-09-06 | 15:58:16] INFO     [STRMCNTR] URL 15) Captured M3U8                                                  (stc.py:303)
[2026-09-06 | 15:58:17] INFO     [STRMCNTR] URL 16) Captured M3U8                                                  (stc.py:303)
[2026-09-06 | 15:58:18] INFO     [STRMCNTR] URL 17) Captured M3U8                                                  (stc.py:303)
[2026-09-06 | 15:58:18] INFO     [STRMCNTR] URL 18) Captured M3U8                                                  (stc.py:303)
[2026-09-06 | 15:58:19] INFO     [STRMCNTR] URL 19) Captured M3U8                                                  (stc.py:303)
[2026-09-06 | 15:58:20] INFO     [STRMCNTR] URL 20) Captured M3U8                                                  (stc.py:303)
[2026-09-06 | 15:58:20] INFO     [STRMCNTR] URL 21) Captured M3U8                                                  (stc.py:303)
[2026-09-06 | 15:58:21] INFO     [STRMCNTR] URL 22) Captured M3U8                                                  (stc.py:303)
[2026-09-06 | 15:58:22] INFO     [STRMCNTR] URL 23) Captured M3U8                                                  (stc.py:303)
[2026-09-06 | 15:58:22] INFO     [STRMCNTR] URL 24) Captured M3U8                                                  (stc.py:303)
[2026-09-06 | 15:58:23] ERROR    [STRMCNTR] URL 25) Failed to fetch "https://streamecenter.live/api/stream-link/iframe/event-espn-league-baseball-mlb-401816839/90b088a3-dcf8-4fef-a8b8-bcc18486132c": Client error '404 Not Found' for url 'https://streamcenter.st/api/stream-link/iframe/event-espn-league-baseball-mlb-401816839/90b088a3-dcf8-4fef-a8b8-bcc18486132c'
For more information check: https://developer.mozilla.org/en-US/docs/Web/HTTP/Status/404 (stc.py:206)
[2026-09-06 | 15:58:23] INFO     [STRMCNTR] URL 26) Captured M3U8                                                  (stc.py:303)
[2026-09-06 | 15:58:24] ERROR    [STRMCNTR] URL 27) Failed to fetch "https://streamecenter.live/api/stream-link/iframe/event-espn-league-baseball-mlb-401816835/dc80e32b-c4a3-4b7e-a17b-89f3bb8d6b17": Client error '404 Not Found' for url 'https://streamcenter.st/api/stream-link/iframe/event-espn-league-baseball-mlb-401816835/dc80e32b-c4a3-4b7e-a17b-89f3bb8d6b17'
For more information check: https://developer.mozilla.org/en-US/docs/Web/HTTP/Status/404 (stc.py:206)
[2026-09-06 | 15:58:24] INFO     [STRMCNTR] URL 28) Captured M3U8                                                  (stc.py:303)
[2026-09-06 | 15:58:24] INFO     [STRMCNTR] Collected 28 event(s)                                                  (stc.py:515)
[2026-09-06 | 17:59:18] INFO     [STRMCNTR] Scraping from "https://streamecenter.live"                             (stc.py:431)
[2026-09-06 | 17:59:20] INFO     [STRMCNTR] Processing 24 URL(s)                                                   (stc.py:459)
[2026-09-06 | 17:59:21] INFO     [STRMCNTR] URL 1) Captured M3U8                                                   (stc.py:303)
[2026-09-06 | 17:59:21] INFO     [STRMCNTR] URL 2) Captured M3U8                                                   (stc.py:303)
[2026-09-06 | 17:59:22] ERROR    [STRMCNTR] URL 3) Failed to fetch "https://streamecenter.live/api/stream-link/iframe/event-espn-league-football-college-football-401858438/0b99f1fc-cf17-4961-ac00-47a8cc70dd59": Client error '404 Not Found' for url 'https://streamcenter.st/api/stream-link/iframe/event-espn-league-football-college-football-401858438/0b99f1fc-cf17-4961-ac00-47a8cc70dd59'
For more information check: https://developer.mozilla.org/en-US/docs/Web/HTTP/Status/404 (stc.py:206)
[2026-09-06 | 17:59:22] INFO     [STRMCNTR] URL 4) Captured M3U8                                                   (stc.py:303)
[2026-09-06 | 17:59:23] INFO     [STRMCNTR] URL 5) Captured M3U8                                                   (stc.py:303)
[2026-09-06 | 17:59:24] INFO     [STRMCNTR] URL 6) Captured M3U8                                                   (stc.py:303)
[2026-09-06 | 17:59:24] INFO     [STRMCNTR] URL 7) Captured M3U8                                                   (stc.py:303)
[2026-09-06 | 17:59:25] INFO     [STRMCNTR] URL 8) Captured M3U8                                                   (stc.py:303)
[2026-09-06 | 17:59:25] INFO     [STRMCNTR] URL 9) Captured M3U8                                                   (stc.py:303)
[2026-09-06 | 17:59:26] INFO     [STRMCNTR] URL 10) Captured M3U8                                                  (stc.py:303)
[2026-09-06 | 17:59:26] INFO     [STRMCNTR] URL 11) Captured M3U8                                                  (stc.py:303)
[2026-09-06 | 17:59:27] INFO     [STRMCNTR] URL 12) Captured M3U8                                                  (stc.py:303)
[2026-09-06 | 17:59:28] INFO     [STRMCNTR] URL 13) Captured M3U8                                                  (stc.py:303)
[2026-09-06 | 17:59:28] INFO     [STRMCNTR] URL 14) Captured M3U8                                                  (stc.py:303)
[2026-09-06 | 17:59:28] INFO     [STRMCNTR] URL 15) Captured M3U8                                                  (stc.py:303)
[2026-09-06 | 17:59:29] ERROR    [STRMCNTR] URL 16) Failed to fetch "https://streamecenter.live/api/stream-link/iframe/event-espn-league-baseball-mlb-401816833/3f5914f2-d413-4493-914c-e26345b4d815": Client error '404 Not Found' for url 'https://streamcenter.st/api/stream-link/iframe/event-espn-league-baseball-mlb-401816833/3f5914f2-d413-4493-914c-e26345b4d815'
For more information check: https://developer.mozilla.org/en-US/docs/Web/HTTP/Status/404 (stc.py:206)
[2026-09-06 | 17:59:29] INFO     [STRMCNTR] URL 17) Captured M3U8                                                  (stc.py:303)
[2026-09-06 | 17:59:30] INFO     [STRMCNTR] URL 18) Captured M3U8                                                  (stc.py:303)
[2026-09-06 | 17:59:30] INFO     [STRMCNTR] URL 19) Captured M3U8                                                  (stc.py:303)
[2026-09-06 | 17:59:31] INFO     [STRMCNTR] URL 20) Captured M3U8                                                  (stc.py:303)
[2026-09-06 | 17:59:31] INFO     [STRMCNTR] URL 21) Captured M3U8                                                  (stc.py:303)
[2026-09-06 | 17:59:32] INFO     [STRMCNTR] URL 22) Captured M3U8                                                  (stc.py:303)
[2026-09-06 | 17:59:33] INFO     [STRMCNTR] URL 23) Captured M3U8                                                  (stc.py:303)
[2026-09-06 | 17:59:33] ERROR    [STRMCNTR] URL 24) Failed to fetch "https://streamecenter.live/api/stream-link/iframe/event-espn-league-baseball-mlb-401816841/4ef2434a-adfb-408d-ac3e-87dbdde93a74": Client error '404 Not Found' for url 'https://streamcenter.st/api/stream-link/iframe/event-espn-league-baseball-mlb-401816841/4ef2434a-adfb-408d-ac3e-87dbdde93a74'
For more information check: https://developer.mozilla.org/en-US/docs/Web/HTTP/Status/404 (stc.py:206)
[2026-09-06 | 17:59:33] INFO     [STRMCNTR] Collected 24 event(s)                                                  (stc.py:515)
[2026-09-06 | 20:03:45] INFO     [STRMCNTR] Scraping from "https://streamecenter.live"                             (stc.py:431)
[2026-09-06 | 20:03:46] INFO     [STRMCNTR] Processing 20 URL(s)                                                   (stc.py:459)
[2026-09-06 | 20:03:47] INFO     [STRMCNTR] URL 1) Captured M3U8                                                   (stc.py:303)
[2026-09-06 | 20:03:47] INFO     [STRMCNTR] URL 2) Captured M3U8                                                   (stc.py:303)
[2026-09-06 | 20:03:48] INFO     [STRMCNTR] URL 3) Captured M3U8                                                   (stc.py:303)
[2026-09-06 | 20:03:48] INFO     [STRMCNTR] URL 4) Captured M3U8                                                   (stc.py:303)
[2026-09-06 | 20:03:49] INFO     [STRMCNTR] URL 5) Captured M3U8                                                   (stc.py:303)
[2026-09-06 | 20:03:49] INFO     [STRMCNTR] URL 6) Captured M3U8                                                   (stc.py:303)
[2026-09-06 | 20:03:50] ERROR    [STRMCNTR] URL 7) Failed to fetch "https://streamecenter.live/api/stream-link/iframe/event-espn-league-baseball-mlb-401816828/d8c213d4-a13b-48b6-8d6c-2115912354ed": Client error '404 Not Found' for url 'https://streamcenter.st/api/stream-link/iframe/event-espn-league-baseball-mlb-401816828/d8c213d4-a13b-48b6-8d6c-2115912354ed'
For more information check: https://developer.mozilla.org/en-US/docs/Web/HTTP/Status/404 (stc.py:206)
[2026-09-06 | 20:03:50] INFO     [STRMCNTR] URL 8) Captured M3U8                                                   (stc.py:303)
[2026-09-06 | 20:03:51] INFO     [STRMCNTR] URL 9) Captured M3U8                                                   (stc.py:303)
[2026-09-06 | 20:03:51] INFO     [STRMCNTR] URL 10) Captured M3U8                                                  (stc.py:303)
[2026-09-06 | 20:03:52] INFO     [STRMCNTR] URL 11) Captured M3U8                                                  (stc.py:303)
[2026-09-06 | 20:03:52] INFO     [STRMCNTR] URL 12) Captured M3U8                                                  (stc.py:303)
[2026-09-06 | 20:03:53] INFO     [STRMCNTR] URL 13) Captured M3U8                                                  (stc.py:303)
[2026-09-06 | 20:03:53] INFO     [STRMCNTR] URL 14) Captured M3U8                                                  (stc.py:303)
[2026-09-06 | 20:03:54] INFO     [STRMCNTR] URL 15) Captured M3U8                                                  (stc.py:303)
[2026-09-06 | 20:03:54] INFO     [STRMCNTR] URL 16) Captured M3U8                                                  (stc.py:303)
[2026-09-06 | 20:03:55] INFO     [STRMCNTR] URL 17) Captured M3U8                                                  (stc.py:303)
[2026-09-06 | 20:03:55] INFO     [STRMCNTR] URL 18) Captured M3U8                                                  (stc.py:303)
[2026-09-06 | 20:03:55] INFO     [STRMCNTR] URL 19) Captured M3U8                                                  (stc.py:303)
[2026-09-06 | 20:03:55] INFO     [STRMCNTR] URL 20) Captured M3U8                                                  (stc.py:303)
[2026-09-06 | 20:03:55] INFO     [STRMCNTR] Collected 20 event(s)                                                  (stc.py:515)
[2026-09-06 | 22:11:00] INFO     [STRMCNTR] Scraping from "https://streamecenter.live"                             (stc.py:431)
[2026-09-06 | 22:11:01] INFO     [STRMCNTR] Processing 9 URL(s)                                                    (stc.py:459)
[2026-09-06 | 22:11:02] INFO     [STRMCNTR] URL 1) Captured M3U8                                                   (stc.py:303)
[2026-09-06 | 22:11:03] INFO     [STRMCNTR] URL 2) Captured M3U8                                                   (stc.py:303)
[2026-09-06 | 22:11:03] INFO     [STRMCNTR] URL 3) Captured M3U8                                                   (stc.py:303)
[2026-09-06 | 22:11:05] INFO     [STRMCNTR] URL 4) Captured M3U8                                                   (stc.py:303)
[2026-09-06 | 22:11:05] INFO     [STRMCNTR] URL 5) Captured M3U8                                                   (stc.py:303)
[2026-09-06 | 22:11:06] INFO     [STRMCNTR] URL 6) Captured M3U8                                                   (stc.py:303)
[2026-09-06 | 22:11:06] INFO     [STRMCNTR] URL 7) Captured M3U8                                                   (stc.py:303)
[2026-09-06 | 22:11:07] INFO     [STRMCNTR] URL 8) Captured M3U8                                                   (stc.py:303)
[2026-09-06 | 22:11:07] INFO     [STRMCNTR] URL 9) Captured M3U8                                                   (stc.py:303)
[2026-09-06 | 22:11:07] INFO     [STRMCNTR] Collected 9 event(s)                                                   (stc.py:515)
[2026-09-07 | 00:05:31] INFO     [STRMCNTR] Scraping from "https://streamecenter.live"                             (stc.py:431)
[2026-09-07 | 00:05:34] INFO     [STRMCNTR] Processing 5 URL(s)                                                    (stc.py:459)
[2026-09-07 | 00:05:34] INFO     [STRMCNTR] URL 1) Captured M3U8                                                   (stc.py:303)
[2026-09-07 | 00:05:35] INFO     [STRMCNTR] URL 2) Captured M3U8                                                   (stc.py:303)
[2026-09-07 | 00:05:35] INFO     [STRMCNTR] URL 3) Captured M3U8                                                   (stc.py:303)
[2026-09-07 | 00:05:35] INFO     [STRMCNTR] URL 4) Captured M3U8                                                   (stc.py:303)
[2026-09-07 | 00:05:36] INFO     [STRMCNTR] URL 5) Captured M3U8                                                   (stc.py:303)
[2026-09-07 | 00:05:36] INFO     [STRMCNTR] Collected 5 event(s)                                                   (stc.py:515)
[2026-09-07 | 04:57:59] INFO     [STRMCNTR] Scraping from "https://streamecenter.live"                             (stc.py:431)
[2026-09-07 | 04:58:00] INFO     [STRMCNTR] Processing 18 URL(s)                                                   (stc.py:459)
[2026-09-07 | 04:58:01] INFO     [STRMCNTR] URL 1) Captured M3U8                                                   (stc.py:303)
[2026-09-07 | 04:58:02] INFO     [STRMCNTR] URL 2) Captured M3U8                                                   (stc.py:303)
[2026-09-07 | 04:58:02] INFO     [STRMCNTR] URL 3) Captured M3U8                                                   (stc.py:303)
[2026-09-07 | 04:58:03] INFO     [STRMCNTR] URL 4) Captured M3U8                                                   (stc.py:303)
[2026-09-07 | 04:58:04] INFO     [STRMCNTR] URL 5) Captured M3U8                                                   (stc.py:303)
[2026-09-07 | 04:58:05] INFO     [STRMCNTR] URL 6) Captured M3U8                                                   (stc.py:303)
[2026-09-07 | 04:58:08] INFO     [STRMCNTR] URL 7) Captured M3U8                                                   (stc.py:303)
[2026-09-07 | 04:58:08] INFO     [STRMCNTR] URL 8) Captured M3U8                                                   (stc.py:303)
[2026-09-07 | 04:58:09] INFO     [STRMCNTR] URL 9) Captured M3U8                                                   (stc.py:303)
[2026-09-07 | 04:58:10] INFO     [STRMCNTR] URL 10) Captured M3U8                                                  (stc.py:303)
[2026-09-07 | 04:58:10] INFO     [STRMCNTR] URL 11) Captured M3U8                                                  (stc.py:303)
[2026-09-07 | 04:58:11] INFO     [STRMCNTR] URL 12) Captured M3U8                                                  (stc.py:303)
[2026-09-07 | 04:58:12] INFO     [STRMCNTR] URL 13) Captured M3U8                                                  (stc.py:303)
[2026-09-07 | 04:58:13] INFO     [STRMCNTR] URL 14) Captured M3U8                                                  (stc.py:303)
[2026-09-07 | 04:58:14] INFO     [STRMCNTR] URL 15) Captured M3U8                                                  (stc.py:303)
[2026-09-07 | 04:58:15] INFO     [STRMCNTR] URL 16) Captured M3U8                                                  (stc.py:303)
[2026-09-07 | 04:58:17] INFO     [STRMCNTR] URL 17) Captured M3U8                                                  (stc.py:303)
[2026-09-07 | 04:58:17] INFO     [STRMCNTR] URL 18) Captured M3U8                                                  (stc.py:303)
[2026-09-07 | 04:58:17] INFO     [STRMCNTR] Collected 18 event(s)                                                  (stc.py:515)
[2026-09-07 | 09:55:42] INFO     [STRMCNTR] Scraping from "https://streamecenter.live"                             (stc.py:431)
[2026-09-07 | 09:55:44] INFO     [STRMCNTR] Processing 18 URL(s)                                                   (stc.py:459)
[2026-09-07 | 09:55:46] INFO     [STRMCNTR] URL 1) Captured M3U8                                                   (stc.py:303)
[2026-09-07 | 09:55:46] INFO     [STRMCNTR] URL 2) Captured M3U8                                                   (stc.py:303)
[2026-09-07 | 09:55:46] INFO     [STRMCNTR] URL 3) Captured M3U8                                                   (stc.py:303)
[2026-09-07 | 09:55:47] INFO     [STRMCNTR] URL 4) Captured M3U8                                                   (stc.py:303)
[2026-09-07 | 09:55:48] INFO     [STRMCNTR] URL 5) Captured M3U8                                                   (stc.py:303)
[2026-09-07 | 09:55:49] INFO     [STRMCNTR] URL 6) Captured M3U8                                                   (stc.py:303)
[2026-09-07 | 09:55:50] INFO     [STRMCNTR] URL 7) Captured M3U8                                                   (stc.py:303)
[2026-09-07 | 09:55:51] INFO     [STRMCNTR] URL 8) Captured M3U8                                                   (stc.py:303)
[2026-09-07 | 09:55:52] INFO     [STRMCNTR] URL 9) Captured M3U8                                                   (stc.py:303)
[2026-09-07 | 09:55:53] INFO     [STRMCNTR] URL 10) Captured M3U8                                                  (stc.py:303)
[2026-09-07 | 09:55:54] INFO     [STRMCNTR] URL 11) Captured M3U8                                                  (stc.py:303)
[2026-09-07 | 09:55:55] INFO     [STRMCNTR] URL 12) Captured M3U8                                                  (stc.py:303)
[2026-09-07 | 09:55:56] INFO     [STRMCNTR] URL 13) Captured M3U8                                                  (stc.py:303)
[2026-09-07 | 09:55:57] INFO     [STRMCNTR] URL 14) Captured M3U8                                                  (stc.py:303)
[2026-09-07 | 09:55:58] INFO     [STRMCNTR] URL 15) Captured M3U8                                                  (stc.py:303)
[2026-09-07 | 09:55:59] INFO     [STRMCNTR] URL 16) Captured M3U8                                                  (stc.py:303)
[2026-09-07 | 09:55:59] INFO     [STRMCNTR] URL 17) Captured M3U8                                                  (stc.py:303)
[2026-09-07 | 09:55:59] INFO     [STRMCNTR] URL 18) Captured M3U8                                                  (stc.py:303)
[2026-09-07 | 09:55:59] INFO     [STRMCNTR] Collected 18 event(s)                                                  (stc.py:515)
[2026-09-07 | 15:23:27] INFO     [STRMCNTR] Scraping from "https://streamecenter.live"                             (stc.py:431)
[2026-09-07 | 15:23:28] INFO     [STRMCNTR] Processing 18 URL(s)                                                   (stc.py:459)
[2026-09-07 | 15:23:30] INFO     [STRMCNTR] URL 1) Captured M3U8                                                   (stc.py:303)
[2026-09-07 | 15:23:30] INFO     [STRMCNTR] URL 2) Captured M3U8                                                   (stc.py:303)
[2026-09-07 | 15:23:31] INFO     [STRMCNTR] URL 3) Captured M3U8                                                   (stc.py:303)
[2026-09-07 | 15:23:32] INFO     [STRMCNTR] URL 4) Captured M3U8                                                   (stc.py:303)
[2026-09-07 | 15:23:33] INFO     [STRMCNTR] URL 5) Captured M3U8                                                   (stc.py:303)
[2026-09-07 | 15:23:34] INFO     [STRMCNTR] URL 6) Captured M3U8                                                   (stc.py:303)
[2026-09-07 | 15:23:35] INFO     [STRMCNTR] URL 7) Captured M3U8                                                   (stc.py:303)
[2026-09-07 | 15:23:36] INFO     [STRMCNTR] URL 8) Captured M3U8                                                   (stc.py:303)
[2026-09-07 | 15:23:37] INFO     [STRMCNTR] URL 9) Captured M3U8                                                   (stc.py:303)
[2026-09-07 | 15:23:38] INFO     [STRMCNTR] URL 10) Captured M3U8                                                  (stc.py:303)
[2026-09-07 | 15:23:38] INFO     [STRMCNTR] URL 11) Captured M3U8                                                  (stc.py:303)
[2026-09-07 | 15:23:38] INFO     [STRMCNTR] URL 12) Captured M3U8                                                  (stc.py:303)
[2026-09-07 | 15:23:38] INFO     [STRMCNTR] URL 13) Captured M3U8                                                  (stc.py:303)
[2026-09-07 | 15:23:39] INFO     [STRMCNTR] URL 14) Captured M3U8                                                  (stc.py:303)
[2026-09-07 | 15:23:40] INFO     [STRMCNTR] URL 15) Captured M3U8                                                  (stc.py:303)
[2026-09-07 | 15:23:41] INFO     [STRMCNTR] URL 16) Captured M3U8                                                  (stc.py:303)
[2026-09-07 | 15:23:42] INFO     [STRMCNTR] URL 17) Captured M3U8                                                  (stc.py:303)
[2026-09-07 | 15:23:43] INFO     [STRMCNTR] URL 18) Captured M3U8                                                  (stc.py:303)
[2026-09-07 | 15:23:43] INFO     [STRMCNTR] Collected 18 event(s)                                                  (stc.py:515)
[2026-09-07 | 19:17:00] INFO     [STRMCNTR] Scraping from "https://streamecenter.live"                             (stc.py:431)
[2026-09-07 | 19:17:01] INFO     [STRMCNTR] Processing 18 URL(s)                                                   (stc.py:459)
[2026-09-07 | 19:17:02] INFO     [STRMCNTR] URL 1) Captured M3U8                                                   (stc.py:303)
[2026-09-07 | 19:17:02] INFO     [STRMCNTR] URL 2) Captured M3U8                                                   (stc.py:303)
[2026-09-07 | 19:17:02] INFO     [STRMCNTR] URL 3) Captured M3U8                                                   (stc.py:303)
[2026-09-07 | 19:17:02] INFO     [STRMCNTR] URL 4) Captured M3U8                                                   (stc.py:303)
[2026-09-07 | 19:17:03] INFO     [STRMCNTR] URL 5) Captured M3U8                                                   (stc.py:303)
[2026-09-07 | 19:17:03] INFO     [STRMCNTR] URL 6) Captured M3U8                                                   (stc.py:303)
[2026-09-07 | 19:17:03] INFO     [STRMCNTR] URL 7) Captured M3U8                                                   (stc.py:303)
[2026-09-07 | 19:17:04] INFO     [STRMCNTR] URL 8) Captured M3U8                                                   (stc.py:303)
[2026-09-07 | 19:17:04] INFO     [STRMCNTR] URL 9) Captured M3U8                                                   (stc.py:303)
[2026-09-07 | 19:17:05] INFO     [STRMCNTR] URL 10) Captured M3U8                                                  (stc.py:303)
[2026-09-07 | 19:17:05] INFO     [STRMCNTR] URL 11) Captured M3U8                                                  (stc.py:303)
[2026-09-07 | 19:17:05] INFO     [STRMCNTR] URL 12) Captured M3U8                                                  (stc.py:303)
[2026-09-07 | 19:17:06] INFO     [STRMCNTR] URL 13) Captured M3U8                                                  (stc.py:303)
[2026-09-07 | 19:17:07] INFO     [STRMCNTR] URL 14) Captured M3U8                                                  (stc.py:303)
[2026-09-07 | 19:17:07] INFO     [STRMCNTR] URL 15) Captured M3U8                                                  (stc.py:303)
[2026-09-07 | 19:17:08] INFO     [STRMCNTR] URL 16) Captured M3U8                                                  (stc.py:303)
[2026-09-07 | 19:17:08] INFO     [STRMCNTR] URL 17) Captured M3U8                                                  (stc.py:303)
[2026-09-07 | 19:17:08] INFO     [STRMCNTR] URL 18) Captured M3U8                                                  (stc.py:303)
[2026-09-07 | 19:17:08] INFO     [STRMCNTR] Collected 18 event(s)                                                  (stc.py:515)
[2026-09-07 | 22:08:05] INFO     [STRMCNTR] Scraping from "https://streamecenter.live"                             (stc.py:431)
[2026-09-07 | 22:08:07] INFO     [STRMCNTR] Processing 7 URL(s)                                                    (stc.py:459)
[2026-09-07 | 22:08:08] INFO     [STRMCNTR] URL 1) Captured M3U8                                                   (stc.py:303)
[2026-09-07 | 22:08:09] INFO     [STRMCNTR] URL 2) Captured M3U8                                                   (stc.py:303)
[2026-09-07 | 22:08:09] INFO     [STRMCNTR] URL 3) Captured M3U8                                                   (stc.py:303)
[2026-09-07 | 22:08:10] INFO     [STRMCNTR] URL 4) Captured M3U8                                                   (stc.py:303)
[2026-09-07 | 22:08:10] INFO     [STRMCNTR] URL 5) Captured M3U8                                                   (stc.py:303)
[2026-09-07 | 22:08:11] INFO     [STRMCNTR] URL 6) Captured M3U8                                                   (stc.py:303)
[2026-09-07 | 22:08:11] INFO     [STRMCNTR] URL 7) Captured M3U8                                                   (stc.py:303)
[2026-09-07 | 22:08:11] INFO     [STRMCNTR] Collected 7 event(s)                                                   (stc.py:515)
[2026-09-08 | 00:32:54] INFO     [STRMCNTR] Scraping from "https://streamecenter.live"                             (stc.py:431)
[2026-09-08 | 00:32:56] INFO     [STRMCNTR] Processing 5 URL(s)                                                    (stc.py:459)
[2026-09-08 | 00:32:59] INFO     [STRMCNTR] URL 1) Captured M3U8                                                   (stc.py:303)
[2026-09-08 | 00:32:59] INFO     [STRMCNTR] URL 2) Captured M3U8                                                   (stc.py:303)
[2026-09-08 | 00:33:00] INFO     [STRMCNTR] URL 3) Captured M3U8                                                   (stc.py:303)
[2026-09-08 | 00:33:01] INFO     [STRMCNTR] URL 4) Captured M3U8                                                   (stc.py:303)
[2026-09-08 | 00:33:01] INFO     [STRMCNTR] URL 5) Captured M3U8                                                   (stc.py:303)
[2026-09-08 | 00:33:01] INFO     [STRMCNTR] Collected 5 event(s)                                                   (stc.py:515)
[2026-09-08 | 05:25:29] INFO     [STRMCNTR] Scraping from "https://streamecenter.live"                             (stc.py:431)
[2026-09-08 | 05:25:30] INFO     [STRMCNTR] Processing 25 URL(s)                                                   (stc.py:459)
[2026-09-08 | 05:25:31] INFO     [STRMCNTR] URL 1) Captured M3U8                                                   (stc.py:303)
[2026-09-08 | 05:25:32] INFO     [STRMCNTR] URL 2) Captured M3U8                                                   (stc.py:303)
[2026-09-08 | 05:25:33] INFO     [STRMCNTR] URL 3) Captured M3U8                                                   (stc.py:303)
[2026-09-08 | 05:25:34] INFO     [STRMCNTR] URL 4) Captured M3U8                                                   (stc.py:303)
[2026-09-08 | 05:25:35] INFO     [STRMCNTR] URL 5) Captured M3U8                                                   (stc.py:303)
[2026-09-08 | 05:25:36] INFO     [STRMCNTR] URL 6) Captured M3U8                                                   (stc.py:303)
[2026-09-08 | 05:25:37] INFO     [STRMCNTR] URL 7) Captured M3U8                                                   (stc.py:303)
[2026-09-08 | 05:25:38] INFO     [STRMCNTR] URL 8) Captured M3U8                                                   (stc.py:303)
[2026-09-08 | 05:25:39] INFO     [STRMCNTR] URL 9) Captured M3U8                                                   (stc.py:303)
[2026-09-08 | 05:25:40] INFO     [STRMCNTR] URL 10) Captured M3U8                                                  (stc.py:303)
[2026-09-08 | 05:25:41] INFO     [STRMCNTR] URL 11) Captured M3U8                                                  (stc.py:303)
[2026-09-08 | 05:25:42] INFO     [STRMCNTR] URL 12) Captured M3U8                                                  (stc.py:303)
[2026-09-08 | 05:25:43] INFO     [STRMCNTR] URL 13) Captured M3U8                                                  (stc.py:303)
[2026-09-08 | 05:25:44] INFO     [STRMCNTR] URL 14) Captured M3U8                                                  (stc.py:303)
[2026-09-08 | 05:25:48] INFO     [STRMCNTR] URL 15) Captured M3U8                                                  (stc.py:303)
[2026-09-08 | 05:25:48] INFO     [STRMCNTR] URL 16) Captured M3U8                                                  (stc.py:303)
[2026-09-08 | 05:25:48] INFO     [STRMCNTR] URL 17) Captured M3U8                                                  (stc.py:303)
[2026-09-08 | 05:25:48] INFO     [STRMCNTR] URL 18) Captured M3U8                                                  (stc.py:303)
[2026-09-08 | 05:25:49] INFO     [STRMCNTR] URL 19) Captured M3U8                                                  (stc.py:303)
[2026-09-08 | 05:25:50] INFO     [STRMCNTR] URL 20) Captured M3U8                                                  (stc.py:303)
[2026-09-08 | 05:25:50] INFO     [STRMCNTR] URL 21) Captured M3U8                                                  (stc.py:303)
[2026-09-08 | 05:25:50] INFO     [STRMCNTR] URL 22) Captured M3U8                                                  (stc.py:303)
[2026-09-08 | 05:25:51] INFO     [STRMCNTR] URL 23) Captured M3U8                                                  (stc.py:303)
[2026-09-08 | 05:25:52] INFO     [STRMCNTR] URL 24) Captured M3U8                                                  (stc.py:303)
[2026-09-08 | 05:25:52] INFO     [STRMCNTR] URL 25) Captured M3U8                                                  (stc.py:303)
[2026-09-08 | 05:25:52] INFO     [STRMCNTR] Collected 25 event(s)                                                  (stc.py:515)
[2026-09-08 | 09:53:20] INFO     [STRMCNTR] Scraping from "https://streamecenter.live"                             (stc.py:431)
[2026-09-08 | 09:53:21] INFO     [STRMCNTR] Processing 25 URL(s)                                                   (stc.py:459)
[2026-09-08 | 09:53:22] INFO     [STRMCNTR] URL 1) Captured M3U8                                                   (stc.py:303)
[2026-09-08 | 09:53:22] INFO     [STRMCNTR] URL 2) Captured M3U8                                                   (stc.py:303)
[2026-09-08 | 09:53:23] INFO     [STRMCNTR] URL 3) Captured M3U8                                                   (stc.py:303)
[2026-09-08 | 09:53:24] INFO     [STRMCNTR] URL 4) Captured M3U8                                                   (stc.py:303)
[2026-09-08 | 09:53:25] INFO     [STRMCNTR] URL 5) Captured M3U8                                                   (stc.py:303)
[2026-09-08 | 09:53:26] INFO     [STRMCNTR] URL 6) Captured M3U8                                                   (stc.py:303)
[2026-09-08 | 09:53:26] INFO     [STRMCNTR] URL 7) Captured M3U8                                                   (stc.py:303)
[2026-09-08 | 09:53:26] INFO     [STRMCNTR] URL 8) Captured M3U8                                                   (stc.py:303)
[2026-09-08 | 09:53:27] INFO     [STRMCNTR] URL 9) Captured M3U8                                                   (stc.py:303)
[2026-09-08 | 09:53:28] INFO     [STRMCNTR] URL 10) Captured M3U8                                                  (stc.py:303)
[2026-09-08 | 09:53:29] INFO     [STRMCNTR] URL 11) Captured M3U8                                                  (stc.py:303)
[2026-09-08 | 09:53:30] INFO     [STRMCNTR] URL 12) Captured M3U8                                                  (stc.py:303)
[2026-09-08 | 09:53:31] INFO     [STRMCNTR] URL 13) Captured M3U8                                                  (stc.py:303)
[2026-09-08 | 09:53:32] INFO     [STRMCNTR] URL 14) Captured M3U8                                                  (stc.py:303)
[2026-09-08 | 09:53:32] INFO     [STRMCNTR] URL 15) Captured M3U8                                                  (stc.py:303)
[2026-09-08 | 09:53:32] INFO     [STRMCNTR] URL 16) Captured M3U8                                                  (stc.py:303)
[2026-09-08 | 09:53:33] INFO     [STRMCNTR] URL 17) Captured M3U8                                                  (stc.py:303)
[2026-09-08 | 09:53:34] INFO     [STRMCNTR] URL 18) Captured M3U8                                                  (stc.py:303)
[2026-09-08 | 09:53:35] INFO     [STRMCNTR] URL 19) Captured M3U8                                                  (stc.py:303)
[2026-09-08 | 09:53:36] INFO     [STRMCNTR] URL 20) Captured M3U8                                                  (stc.py:303)
[2026-09-08 | 09:53:36] INFO     [STRMCNTR] URL 21) Captured M3U8                                                  (stc.py:303)
[2026-09-08 | 09:53:36] INFO     [STRMCNTR] URL 22) Captured M3U8                                                  (stc.py:303)
[2026-09-08 | 09:53:37] INFO     [STRMCNTR] URL 23) Captured M3U8                                                  (stc.py:303)
[2026-09-08 | 09:53:38] INFO     [STRMCNTR] URL 24) Captured M3U8                                                  (stc.py:303)
[2026-09-08 | 09:53:39] INFO     [STRMCNTR] URL 25) Captured M3U8                                                  (stc.py:303)
[2026-09-08 | 09:53:39] INFO     [STRMCNTR] Collected 25 event(s)                                                  (stc.py:515)
[2026-09-08 | 13:57:48] INFO     [STRMCNTR] Scraping from "https://streamecenter.live"                             (stc.py:431)
[2026-09-08 | 13:57:50] INFO     [STRMCNTR] Processing 25 URL(s)                                                   (stc.py:459)
[2026-09-08 | 13:57:51] INFO     [STRMCNTR] URL 1) Captured M3U8                                                   (stc.py:303)
[2026-09-08 | 13:57:52] INFO     [STRMCNTR] URL 2) Captured M3U8                                                   (stc.py:303)
[2026-09-08 | 13:57:53] INFO     [STRMCNTR] URL 3) Captured M3U8                                                   (stc.py:303)
[2026-09-08 | 13:57:54] INFO     [STRMCNTR] URL 4) Captured M3U8                                                   (stc.py:303)
[2026-09-08 | 13:57:55] INFO     [STRMCNTR] URL 5) Captured M3U8                                                   (stc.py:303)
[2026-09-08 | 13:57:56] INFO     [STRMCNTR] URL 6) Captured M3U8                                                   (stc.py:303)
[2026-09-08 | 13:57:57] INFO     [STRMCNTR] URL 7) Captured M3U8                                                   (stc.py:303)
[2026-09-08 | 13:57:58] INFO     [STRMCNTR] URL 8) Captured M3U8                                                   (stc.py:303)
[2026-09-08 | 13:57:59] INFO     [STRMCNTR] URL 9) Captured M3U8                                                   (stc.py:303)
[2026-09-08 | 13:58:00] INFO     [STRMCNTR] URL 10) Captured M3U8                                                  (stc.py:303)
[2026-09-08 | 13:58:01] INFO     [STRMCNTR] URL 11) Captured M3U8                                                  (stc.py:303)
[2026-09-08 | 13:58:02] INFO     [STRMCNTR] URL 12) Captured M3U8                                                  (stc.py:303)
[2026-09-08 | 13:58:03] INFO     [STRMCNTR] URL 13) Captured M3U8                                                  (stc.py:303)
[2026-09-08 | 13:58:06] INFO     [STRMCNTR] URL 14) Captured M3U8                                                  (stc.py:303)
[2026-09-08 | 13:58:07] INFO     [STRMCNTR] URL 15) Captured M3U8                                                  (stc.py:303)
[2026-09-08 | 13:58:07] INFO     [STRMCNTR] URL 16) Captured M3U8                                                  (stc.py:303)
[2026-09-08 | 13:58:08] INFO     [STRMCNTR] URL 17) Captured M3U8                                                  (stc.py:303)
[2026-09-08 | 13:58:08] INFO     [STRMCNTR] URL 18) Captured M3U8                                                  (stc.py:303)
[2026-09-08 | 13:58:09] INFO     [STRMCNTR] URL 19) Captured M3U8                                                  (stc.py:303)
[2026-09-08 | 13:58:10] INFO     [STRMCNTR] URL 20) Captured M3U8                                                  (stc.py:303)
[2026-09-08 | 13:58:10] INFO     [STRMCNTR] URL 21) Captured M3U8                                                  (stc.py:303)
[2026-09-08 | 13:58:11] INFO     [STRMCNTR] URL 22) Captured M3U8                                                  (stc.py:303)
[2026-09-08 | 13:58:12] INFO     [STRMCNTR] URL 23) Captured M3U8                                                  (stc.py:303)
[2026-09-08 | 13:58:12] INFO     [STRMCNTR] URL 24) Captured M3U8                                                  (stc.py:303)
[2026-09-08 | 13:58:13] INFO     [STRMCNTR] URL 25) Captured M3U8                                                  (stc.py:303)
[2026-09-08 | 13:58:13] INFO     [STRMCNTR] Collected 25 event(s)                                                  (stc.py:515)
[2026-09-08 | 17:22:52] INFO     [STRMCNTR] Scraping from "https://streamecenter.live"                             (stc.py:431)
[2026-09-08 | 17:22:54] INFO     [STRMCNTR] Processing 25 URL(s)                                                   (stc.py:459)
[2026-09-08 | 17:22:55] INFO     [STRMCNTR] URL 1) Captured M3U8                                                   (stc.py:303)
[2026-09-08 | 17:22:56] INFO     [STRMCNTR] URL 2) Captured M3U8                                                   (stc.py:303)
[2026-09-08 | 17:22:56] INFO     [STRMCNTR] URL 3) Captured M3U8                                                   (stc.py:303)
[2026-09-08 | 17:22:56] INFO     [STRMCNTR] URL 4) Captured M3U8                                                   (stc.py:303)
[2026-09-08 | 17:22:56] INFO     [STRMCNTR] URL 5) Captured M3U8                                                   (stc.py:303)
[2026-09-08 | 17:22:57] INFO     [STRMCNTR] URL 6) Captured M3U8                                                   (stc.py:303)
[2026-09-08 | 17:22:59] INFO     [STRMCNTR] URL 7) Captured M3U8                                                   (stc.py:303)
[2026-09-08 | 17:23:00] INFO     [STRMCNTR] URL 8) Captured M3U8                                                   (stc.py:303)
[2026-09-08 | 17:23:01] INFO     [STRMCNTR] URL 9) Captured M3U8                                                   (stc.py:303)
[2026-09-08 | 17:23:02] INFO     [STRMCNTR] URL 10) Captured M3U8                                                  (stc.py:303)
[2026-09-08 | 17:23:03] INFO     [STRMCNTR] URL 11) Captured M3U8                                                  (stc.py:303)
[2026-09-08 | 17:23:04] INFO     [STRMCNTR] URL 12) Captured M3U8                                                  (stc.py:303)
[2026-09-08 | 17:23:05] INFO     [STRMCNTR] URL 13) Captured M3U8                                                  (stc.py:303)
[2026-09-08 | 17:23:05] INFO     [STRMCNTR] URL 14) Captured M3U8                                                  (stc.py:303)
[2026-09-08 | 17:23:05] INFO     [STRMCNTR] URL 15) Captured M3U8                                                  (stc.py:303)
[2026-09-08 | 17:23:05] INFO     [STRMCNTR] URL 16) Captured M3U8                                                  (stc.py:303)
[2026-09-08 | 17:23:07] INFO     [STRMCNTR] URL 17) Captured M3U8                                                  (stc.py:303)
[2026-09-08 | 17:23:07] INFO     [STRMCNTR] URL 18) Captured M3U8                                                  (stc.py:303)
[2026-09-08 | 17:23:07] INFO     [STRMCNTR] URL 19) Captured M3U8                                                  (stc.py:303)
[2026-09-08 | 17:23:07] INFO     [STRMCNTR] URL 20) Captured M3U8                                                  (stc.py:303)
[2026-09-08 | 17:23:08] INFO     [STRMCNTR] URL 21) Captured M3U8                                                  (stc.py:303)
[2026-09-08 | 17:23:09] INFO     [STRMCNTR] URL 22) Captured M3U8                                                  (stc.py:303)
[2026-09-08 | 17:23:09] INFO     [STRMCNTR] URL 23) Captured M3U8                                                  (stc.py:303)
[2026-09-08 | 17:23:09] INFO     [STRMCNTR] URL 24) Captured M3U8                                                  (stc.py:303)
[2026-09-08 | 17:23:09] INFO     [STRMCNTR] URL 25) Captured M3U8                                                  (stc.py:303)
[2026-09-08 | 17:23:09] INFO     [STRMCNTR] Collected 25 event(s)                                                  (stc.py:515)
[2026-09-08 | 17:32:27] INFO     [STRMCNTR] Scraping from "https://streamecenter.live"                             (stc.py:431)
[2026-09-08 | 17:32:28] INFO     [STRMCNTR] Processing 25 URL(s)                                                   (stc.py:459)
[2026-09-08 | 17:32:30] INFO     [STRMCNTR] URL 1) Captured M3U8                                                   (stc.py:303)
[2026-09-08 | 17:32:30] INFO     [STRMCNTR] URL 2) Captured M3U8                                                   (stc.py:303)
[2026-09-08 | 17:32:31] INFO     [STRMCNTR] URL 3) Captured M3U8                                                   (stc.py:303)
[2026-09-08 | 17:32:32] INFO     [STRMCNTR] URL 4) Captured M3U8                                                   (stc.py:303)
[2026-09-08 | 17:32:32] INFO     [STRMCNTR] URL 5) Captured M3U8                                                   (stc.py:303)
[2026-09-08 | 17:32:33] INFO     [STRMCNTR] URL 6) Captured M3U8                                                   (stc.py:303)
[2026-09-08 | 17:32:34] INFO     [STRMCNTR] URL 7) Captured M3U8                                                   (stc.py:303)
[2026-09-08 | 17:32:34] INFO     [STRMCNTR] URL 8) Captured M3U8                                                   (stc.py:303)
[2026-09-08 | 17:32:35] INFO     [STRMCNTR] URL 9) Captured M3U8                                                   (stc.py:303)
[2026-09-08 | 17:32:36] INFO     [STRMCNTR] URL 10) Captured M3U8                                                  (stc.py:303)
[2026-09-08 | 17:32:36] INFO     [STRMCNTR] URL 11) Captured M3U8                                                  (stc.py:303)
[2026-09-08 | 17:32:38] INFO     [STRMCNTR] URL 12) Captured M3U8                                                  (stc.py:303)
[2026-09-08 | 17:32:38] INFO     [STRMCNTR] URL 13) Captured M3U8                                                  (stc.py:303)
[2026-09-08 | 17:32:39] INFO     [STRMCNTR] URL 14) Captured M3U8                                                  (stc.py:303)
[2026-09-08 | 17:32:40] INFO     [STRMCNTR] URL 15) Captured M3U8                                                  (stc.py:303)
[2026-09-08 | 17:32:40] INFO     [STRMCNTR] URL 16) Captured M3U8                                                  (stc.py:303)
[2026-09-08 | 17:32:41] INFO     [STRMCNTR] URL 17) Captured M3U8                                                  (stc.py:303)
[2026-09-08 | 17:32:42] INFO     [STRMCNTR] URL 18) Captured M3U8                                                  (stc.py:303)
[2026-09-08 | 17:32:42] INFO     [STRMCNTR] URL 19) Captured M3U8                                                  (stc.py:303)
[2026-09-08 | 17:32:43] INFO     [STRMCNTR] URL 20) Captured M3U8                                                  (stc.py:303)
[2026-09-08 | 17:32:44] INFO     [STRMCNTR] URL 21) Captured M3U8                                                  (stc.py:303)
[2026-09-08 | 17:32:44] INFO     [STRMCNTR] URL 22) Captured M3U8                                                  (stc.py:303)
[2026-09-08 | 17:32:45] INFO     [STRMCNTR] URL 23) Captured M3U8                                                  (stc.py:303)
[2026-09-08 | 17:32:46] INFO     [STRMCNTR] URL 24) Captured M3U8                                                  (stc.py:303)
[2026-09-08 | 17:32:46] INFO     [STRMCNTR] URL 25) Captured M3U8                                                  (stc.py:303)
[2026-09-08 | 17:32:46] INFO     [STRMCNTR] Collected 25 event(s)                                                  (stc.py:515)
[2026-09-08 | 18:01:53] INFO     [STRMCNTR] Scraping from "https://streamecenter.live"                             (stc.py:431)
[2026-09-08 | 18:01:54] INFO     [STRMCNTR] Processing 25 URL(s)                                                   (stc.py:459)
[2026-09-08 | 18:01:55] INFO     [STRMCNTR] URL 1) Captured M3U8                                                   (stc.py:303)
[2026-09-08 | 18:01:56] INFO     [STRMCNTR] URL 2) Captured M3U8                                                   (stc.py:303)
[2026-09-08 | 18:01:56] INFO     [STRMCNTR] URL 3) Captured M3U8                                                   (stc.py:303)
[2026-09-08 | 18:01:57] INFO     [STRMCNTR] URL 4) Captured M3U8                                                   (stc.py:303)
[2026-09-08 | 18:01:57] INFO     [STRMCNTR] URL 5) Captured M3U8                                                   (stc.py:303)
[2026-09-08 | 18:01:58] INFO     [STRMCNTR] URL 6) Captured M3U8                                                   (stc.py:303)
[2026-09-08 | 18:01:59] INFO     [STRMCNTR] URL 7) Captured M3U8                                                   (stc.py:303)
[2026-09-08 | 18:02:00] INFO     [STRMCNTR] URL 8) Captured M3U8                                                   (stc.py:303)
[2026-09-08 | 18:02:01] INFO     [STRMCNTR] URL 9) Captured M3U8                                                   (stc.py:303)
[2026-09-08 | 18:02:02] INFO     [STRMCNTR] URL 10) Captured M3U8                                                  (stc.py:303)
[2026-09-08 | 18:02:03] INFO     [STRMCNTR] URL 11) Captured M3U8                                                  (stc.py:303)
[2026-09-08 | 18:02:04] INFO     [STRMCNTR] URL 12) Captured M3U8                                                  (stc.py:303)
[2026-09-08 | 18:02:05] INFO     [STRMCNTR] URL 13) Captured M3U8                                                  (stc.py:303)
[2026-09-08 | 18:02:06] INFO     [STRMCNTR] URL 14) Captured M3U8                                                  (stc.py:303)
[2026-09-08 | 18:02:07] INFO     [STRMCNTR] URL 15) Captured M3U8                                                  (stc.py:303)
[2026-09-08 | 18:02:08] INFO     [STRMCNTR] URL 16) Captured M3U8                                                  (stc.py:303)
[2026-09-08 | 18:02:09] INFO     [STRMCNTR] URL 17) Captured M3U8                                                  (stc.py:303)
[2026-09-08 | 18:02:10] INFO     [STRMCNTR] URL 18) Captured M3U8                                                  (stc.py:303)
[2026-09-08 | 18:02:10] INFO     [STRMCNTR] URL 19) Captured M3U8                                                  (stc.py:303)
[2026-09-08 | 18:02:11] INFO     [STRMCNTR] URL 20) Captured M3U8                                                  (stc.py:303)
[2026-09-08 | 18:02:11] INFO     [STRMCNTR] URL 21) Captured M3U8                                                  (stc.py:303)
[2026-09-08 | 18:02:12] INFO     [STRMCNTR] URL 22) Captured M3U8                                                  (stc.py:303)
[2026-09-08 | 18:02:12] INFO     [STRMCNTR] URL 23) Captured M3U8                                                  (stc.py:303)
[2026-09-08 | 18:02:13] INFO     [STRMCNTR] URL 24) Captured M3U8                                                  (stc.py:303)
[2026-09-08 | 18:02:14] INFO     [STRMCNTR] URL 25) Captured M3U8                                                  (stc.py:303)
[2026-09-08 | 18:02:14] INFO     [STRMCNTR] Collected 25 event(s)                                                  (stc.py:515)
[2026-09-08 | 20:26:02] INFO     [STRMCNTR] Scraping from "https://streamecenter.live"                             (stc.py:431)
[2026-09-08 | 20:26:04] INFO     [STRMCNTR] Processing 22 URL(s)                                                   (stc.py:459)
[2026-09-08 | 20:26:05] INFO     [STRMCNTR] URL 1) Captured M3U8                                                   (stc.py:303)
[2026-09-08 | 20:26:06] ERROR    [STRMCNTR] URL 2) Failed to fetch "https://streamecenter.live/api/stream-link/iframe/event-espn-league-soccer-uefa-champions-401915425/6fa8cf3c-776c-4a5b-a558-364ed0b6625e": Client error '404 Not Found' for url 'https://streamcenter.st/api/stream-link/iframe/event-espn-league-soccer-uefa-champions-401915425/6fa8cf3c-776c-4a5b-a558-364ed0b6625e'
For more information check: https://developer.mozilla.org/en-US/docs/Web/HTTP/Status/404 (stc.py:206)
[2026-09-08 | 20:26:07] INFO     [STRMCNTR] URL 3) Captured M3U8                                                   (stc.py:303)
[2026-09-08 | 20:26:08] INFO     [STRMCNTR] URL 4) Captured M3U8                                                   (stc.py:303)
[2026-09-08 | 20:26:08] INFO     [STRMCNTR] URL 5) Captured M3U8                                                   (stc.py:303)
[2026-09-08 | 20:26:09] INFO     [STRMCNTR] URL 6) Captured M3U8                                                   (stc.py:303)
[2026-09-08 | 20:26:10] INFO     [STRMCNTR] URL 7) Captured M3U8                                                   (stc.py:303)
[2026-09-08 | 20:26:10] INFO     [STRMCNTR] URL 8) Captured M3U8                                                   (stc.py:303)
[2026-09-08 | 20:26:11] INFO     [STRMCNTR] URL 9) Captured M3U8                                                   (stc.py:303)
[2026-09-08 | 20:26:11] INFO     [STRMCNTR] URL 10) Captured M3U8                                                  (stc.py:303)
[2026-09-08 | 20:26:12] INFO     [STRMCNTR] URL 11) Captured M3U8                                                  (stc.py:303)
[2026-09-08 | 20:26:13] INFO     [STRMCNTR] URL 12) Captured M3U8                                                  (stc.py:303)
[2026-09-08 | 20:26:14] INFO     [STRMCNTR] URL 13) Captured M3U8                                                  (stc.py:303)
[2026-09-08 | 20:26:14] INFO     [STRMCNTR] URL 14) Captured M3U8                                                  (stc.py:303)
[2026-09-08 | 20:26:18] INFO     [STRMCNTR] URL 15) Captured M3U8                                                  (stc.py:303)
[2026-09-08 | 20:26:19] INFO     [STRMCNTR] URL 16) Captured M3U8                                                  (stc.py:303)
[2026-09-08 | 20:26:20] INFO     [STRMCNTR] URL 17) Captured M3U8                                                  (stc.py:303)
[2026-09-08 | 20:26:21] INFO     [STRMCNTR] URL 18) Captured M3U8                                                  (stc.py:303)
[2026-09-08 | 20:26:22] INFO     [STRMCNTR] URL 19) Captured M3U8                                                  (stc.py:303)
[2026-09-08 | 20:26:22] INFO     [STRMCNTR] URL 20) Captured M3U8                                                  (stc.py:303)
[2026-09-08 | 20:26:23] INFO     [STRMCNTR] URL 21) Captured M3U8                                                  (stc.py:303)
[2026-09-08 | 20:26:24] INFO     [STRMCNTR] URL 22) Captured M3U8                                                  (stc.py:303)
[2026-09-08 | 20:26:24] INFO     [STRMCNTR] Collected 22 event(s)                                                  (stc.py:515)
[2026-09-08 | 22:48:43] INFO     [STRMCNTR] Scraping from "https://streamecenter.live"                             (stc.py:431)
[2026-09-08 | 22:48:45] INFO     [STRMCNTR] Processing 16 URL(s)                                                   (stc.py:459)
[2026-09-08 | 22:48:46] INFO     [STRMCNTR] URL 1) Captured M3U8                                                   (stc.py:303)
[2026-09-08 | 22:48:46] INFO     [STRMCNTR] URL 2) Captured M3U8                                                   (stc.py:303)
[2026-09-08 | 22:48:47] INFO     [STRMCNTR] URL 3) Captured M3U8                                                   (stc.py:303)
[2026-09-08 | 22:48:47] INFO     [STRMCNTR] URL 4) Captured M3U8                                                   (stc.py:303)
[2026-09-08 | 22:48:48] INFO     [STRMCNTR] URL 5) Captured M3U8                                                   (stc.py:303)
[2026-09-08 | 22:48:49] INFO     [STRMCNTR] URL 6) Captured M3U8                                                   (stc.py:303)
[2026-09-08 | 22:48:49] INFO     [STRMCNTR] URL 7) Captured M3U8                                                   (stc.py:303)
[2026-09-08 | 22:48:51] INFO     [STRMCNTR] URL 8) Captured M3U8                                                   (stc.py:303)
[2026-09-08 | 22:48:51] INFO     [STRMCNTR] URL 9) Captured M3U8                                                   (stc.py:303)
[2026-09-08 | 22:48:51] INFO     [STRMCNTR] URL 10) Captured M3U8                                                  (stc.py:303)
[2026-09-08 | 22:48:53] ERROR    [STRMCNTR] URL 11) Failed to fetch "https://streamecenter.live/api/stream-link/iframe/event-espn-league-baseball-mlb-401816862/70c4e9ca-f763-43e1-bf46-004388329a9b": Client error '404 Not Found' for url 'https://streamcenter.st/api/stream-link/iframe/event-espn-league-baseball-mlb-401816862/70c4e9ca-f763-43e1-bf46-004388329a9b'
For more information check: https://developer.mozilla.org/en-US/docs/Web/HTTP/Status/404 (stc.py:206)
[2026-09-08 | 22:48:53] INFO     [STRMCNTR] URL 12) Captured M3U8                                                  (stc.py:303)
[2026-09-08 | 22:48:53] INFO     [STRMCNTR] URL 13) Captured M3U8                                                  (stc.py:303)
[2026-09-08 | 22:48:55] INFO     [STRMCNTR] URL 14) Captured M3U8                                                  (stc.py:303)
[2026-09-08 | 22:48:55] INFO     [STRMCNTR] URL 15) Captured M3U8                                                  (stc.py:303)
[2026-09-08 | 22:48:56] INFO     [STRMCNTR] URL 16) Captured M3U8                                                  (stc.py:303)
[2026-09-08 | 22:48:56] INFO     [STRMCNTR] Collected 16 event(s)                                                  (stc.py:515)
[2026-09-09 | 00:48:50] INFO     [STRMCNTR] Scraping from "https://streamecenter.live"                             (stc.py:431)
[2026-09-09 | 00:48:53] INFO     [STRMCNTR] Processing 16 URL(s)                                                   (stc.py:459)
[2026-09-09 | 00:48:55] INFO     [STRMCNTR] URL 1) Captured M3U8                                                   (stc.py:303)
[2026-09-09 | 00:48:55] INFO     [STRMCNTR] URL 2) Captured M3U8                                                   (stc.py:303)
[2026-09-09 | 00:48:57] INFO     [STRMCNTR] URL 3) Captured M3U8                                                   (stc.py:303)
[2026-09-09 | 00:48:59] INFO     [STRMCNTR] URL 4) Captured M3U8                                                   (stc.py:303)
[2026-09-09 | 00:49:00] INFO     [STRMCNTR] URL 5) Captured M3U8                                                   (stc.py:303)
[2026-09-09 | 00:49:00] INFO     [STRMCNTR] URL 6) Captured M3U8                                                   (stc.py:303)
[2026-09-09 | 00:49:03] INFO     [STRMCNTR] URL 7) Captured M3U8                                                   (stc.py:303)
[2026-09-09 | 00:49:06] INFO     [STRMCNTR] URL 8) Captured M3U8                                                   (stc.py:303)
[2026-09-09 | 00:49:06] INFO     [STRMCNTR] URL 9) Captured M3U8                                                   (stc.py:303)
[2026-09-09 | 00:49:10] INFO     [STRMCNTR] URL 10) Captured M3U8                                                  (stc.py:303)
[2026-09-09 | 00:49:12] INFO     [STRMCNTR] URL 11) Captured M3U8                                                  (stc.py:303)
[2026-09-09 | 00:49:13] INFO     [STRMCNTR] URL 12) Captured M3U8                                                  (stc.py:303)
[2026-09-09 | 00:49:16] INFO     [STRMCNTR] URL 13) Captured M3U8                                                  (stc.py:303)
[2026-09-09 | 00:49:23] ERROR    [STRMCNTR] URL 14) Failed to fetch "https://streamecenter.live/api/stream-link/iframe/event-espn-league-baseball-mlb-401816867/d7589ff5-653c-4bdd-8360-a2e5ba7d091c":  (stc.py:194)
[2026-09-09 | 00:49:29] INFO     [STRMCNTR] URL 15) Captured M3U8                                                  (stc.py:303)
[2026-09-09 | 00:49:31] INFO     [STRMCNTR] URL 16) Captured M3U8                                                  (stc.py:303)
[2026-09-09 | 00:49:31] INFO     [STRMCNTR] Collected 16 event(s)                                                  (stc.py:515)
[2026-09-09 | 05:29:40] INFO     [STRMCNTR] Scraping from "https://streamecenter.live"                             (stc.py:431)
[2026-09-09 | 05:29:41] INFO     [STRMCNTR] Processing 25 URL(s)                                                   (stc.py:459)
[2026-09-09 | 05:29:42] INFO     [STRMCNTR] URL 1) Captured M3U8                                                   (stc.py:303)
[2026-09-09 | 05:29:43] INFO     [STRMCNTR] URL 2) Captured M3U8                                                   (stc.py:303)
[2026-09-09 | 05:29:45] INFO     [STRMCNTR] URL 3) Captured M3U8                                                   (stc.py:303)
[2026-09-09 | 05:29:46] INFO     [STRMCNTR] URL 4) Captured M3U8                                                   (stc.py:303)
[2026-09-09 | 05:29:46] INFO     [STRMCNTR] URL 5) Captured M3U8                                                   (stc.py:303)
[2026-09-09 | 05:29:46] INFO     [STRMCNTR] URL 6) Captured M3U8                                                   (stc.py:303)
[2026-09-09 | 05:29:48] INFO     [STRMCNTR] URL 7) Captured M3U8                                                   (stc.py:303)
[2026-09-09 | 05:29:48] INFO     [STRMCNTR] URL 8) Captured M3U8                                                   (stc.py:303)
[2026-09-09 | 05:29:48] INFO     [STRMCNTR] URL 9) Captured M3U8                                                   (stc.py:303)
[2026-09-09 | 05:29:51] INFO     [STRMCNTR] URL 10) Captured M3U8                                                  (stc.py:303)
[2026-09-09 | 05:29:52] INFO     [STRMCNTR] URL 11) Captured M3U8                                                  (stc.py:303)
[2026-09-09 | 05:29:52] INFO     [STRMCNTR] URL 12) Captured M3U8                                                  (stc.py:303)
[2026-09-09 | 05:29:53] INFO     [STRMCNTR] URL 13) Captured M3U8                                                  (stc.py:303)
[2026-09-09 | 05:29:54] INFO     [STRMCNTR] URL 14) Captured M3U8                                                  (stc.py:303)
[2026-09-09 | 05:29:54] INFO     [STRMCNTR] URL 15) Captured M3U8                                                  (stc.py:303)
[2026-09-09 | 05:29:54] INFO     [STRMCNTR] URL 16) Captured M3U8                                                  (stc.py:303)
[2026-09-09 | 05:29:55] INFO     [STRMCNTR] URL 17) Captured M3U8                                                  (stc.py:303)
[2026-09-09 | 05:29:56] INFO     [STRMCNTR] URL 18) Captured M3U8                                                  (stc.py:303)
[2026-09-09 | 05:29:56] INFO     [STRMCNTR] URL 19) Captured M3U8                                                  (stc.py:303)
[2026-09-09 | 05:29:57] INFO     [STRMCNTR] URL 20) Captured M3U8                                                  (stc.py:303)
[2026-09-09 | 05:29:58] INFO     [STRMCNTR] URL 21) Captured M3U8                                                  (stc.py:303)
[2026-09-09 | 05:29:58] INFO     [STRMCNTR] URL 22) Captured M3U8                                                  (stc.py:303)
[2026-09-09 | 05:29:58] INFO     [STRMCNTR] URL 23) Captured M3U8                                                  (stc.py:303)
[2026-09-09 | 05:29:59] INFO     [STRMCNTR] URL 24) Captured M3U8                                                  (stc.py:303)
[2026-09-09 | 05:30:00] INFO     [STRMCNTR] URL 25) Captured M3U8                                                  (stc.py:303)
[2026-09-09 | 05:30:00] INFO     [STRMCNTR] Collected 25 event(s)                                                  (stc.py:515)
[2026-09-09 | 14:41:11] INFO     [STRMCNTR] Scraping from "https://streamecenter.live"                             (stc.py:431)
[2026-09-09 | 14:41:15] INFO     [STRMCNTR] Processing 25 URL(s)                                                   (stc.py:459)
[2026-09-09 | 14:41:16] INFO     [STRMCNTR] URL 1) Captured M3U8                                                   (stc.py:303)
[2026-09-09 | 14:41:17] INFO     [STRMCNTR] URL 2) Captured M3U8                                                   (stc.py:303)
[2026-09-09 | 14:41:17] INFO     [STRMCNTR] URL 3) Captured M3U8                                                   (stc.py:303)
[2026-09-09 | 14:41:17] INFO     [STRMCNTR] URL 4) Captured M3U8                                                   (stc.py:303)
[2026-09-09 | 14:41:18] INFO     [STRMCNTR] URL 5) Captured M3U8                                                   (stc.py:303)
[2026-09-09 | 14:41:19] INFO     [STRMCNTR] URL 6) Captured M3U8                                                   (stc.py:303)
[2026-09-09 | 14:41:19] INFO     [STRMCNTR] URL 7) Captured M3U8                                                   (stc.py:303)
[2026-09-09 | 14:41:20] INFO     [STRMCNTR] URL 8) Captured M3U8                                                   (stc.py:303)
[2026-09-09 | 14:41:20] INFO     [STRMCNTR] URL 9) Captured M3U8                                                   (stc.py:303)
[2026-09-09 | 14:41:21] INFO     [STRMCNTR] URL 10) Captured M3U8                                                  (stc.py:303)
[2026-09-09 | 14:41:21] INFO     [STRMCNTR] URL 11) Captured M3U8                                                  (stc.py:303)
[2026-09-09 | 14:41:22] INFO     [STRMCNTR] URL 12) Captured M3U8                                                  (stc.py:303)
[2026-09-09 | 14:41:22] INFO     [STRMCNTR] URL 13) Captured M3U8                                                  (stc.py:303)
[2026-09-09 | 14:41:23] INFO     [STRMCNTR] URL 14) Captured M3U8                                                  (stc.py:303)
[2026-09-09 | 14:41:23] INFO     [STRMCNTR] URL 15) Captured M3U8                                                  (stc.py:303)
[2026-09-09 | 14:41:24] INFO     [STRMCNTR] URL 16) Captured M3U8                                                  (stc.py:303)
[2026-09-09 | 14:41:24] INFO     [STRMCNTR] URL 17) Captured M3U8                                                  (stc.py:303)
[2026-09-09 | 14:41:25] INFO     [STRMCNTR] URL 18) Captured M3U8                                                  (stc.py:303)
[2026-09-09 | 14:41:25] INFO     [STRMCNTR] URL 19) Captured M3U8                                                  (stc.py:303)
[2026-09-09 | 14:41:26] INFO     [STRMCNTR] URL 20) Captured M3U8                                                  (stc.py:303)
[2026-09-09 | 14:41:26] INFO     [STRMCNTR] URL 21) Captured M3U8                                                  (stc.py:303)
[2026-09-09 | 14:41:27] INFO     [STRMCNTR] URL 22) Captured M3U8                                                  (stc.py:303)
[2026-09-09 | 14:41:27] INFO     [STRMCNTR] URL 23) Captured M3U8                                                  (stc.py:303)
[2026-09-09 | 14:41:28] INFO     [STRMCNTR] URL 24) Captured M3U8                                                  (stc.py:303)
[2026-09-09 | 14:41:28] INFO     [STRMCNTR] URL 25) Captured M3U8                                                  (stc.py:303)
[2026-09-09 | 14:41:28] INFO     [STRMCNTR] Collected 25 event(s)                                                  (stc.py:515)
[2026-09-09 | 18:07:01] INFO     [STRMCNTR] Scraping from "https://streamecenter.live"                             (stc.py:431)
[2026-09-09 | 18:07:02] INFO     [STRMCNTR] Processing 25 URL(s)                                                   (stc.py:459)
[2026-09-09 | 18:07:04] INFO     [STRMCNTR] URL 1) Captured M3U8                                                   (stc.py:303)
[2026-09-09 | 18:07:05] INFO     [STRMCNTR] URL 2) Captured M3U8                                                   (stc.py:303)
[2026-09-09 | 18:07:06] INFO     [STRMCNTR] URL 3) Captured M3U8                                                   (stc.py:303)
[2026-09-09 | 18:07:06] INFO     [STRMCNTR] URL 4) Captured M3U8                                                   (stc.py:303)
[2026-09-09 | 18:07:08] INFO     [STRMCNTR] URL 5) Captured M3U8                                                   (stc.py:303)
[2026-09-09 | 18:07:08] INFO     [STRMCNTR] URL 6) Captured M3U8                                                   (stc.py:303)
[2026-09-09 | 18:07:08] INFO     [STRMCNTR] URL 7) Captured M3U8                                                   (stc.py:303)
[2026-09-09 | 18:07:10] INFO     [STRMCNTR] URL 8) Captured M3U8                                                   (stc.py:303)
[2026-09-09 | 18:07:10] INFO     [STRMCNTR] URL 9) Captured M3U8                                                   (stc.py:303)
[2026-09-09 | 18:07:10] INFO     [STRMCNTR] URL 10) Captured M3U8                                                  (stc.py:303)
[2026-09-09 | 18:07:12] INFO     [STRMCNTR] URL 11) Captured M3U8                                                  (stc.py:303)
[2026-09-09 | 18:07:14] INFO     [STRMCNTR] URL 12) Captured M3U8                                                  (stc.py:303)
[2026-09-09 | 18:07:15] INFO     [STRMCNTR] URL 13) Captured M3U8                                                  (stc.py:303)
[2026-09-09 | 18:07:15] INFO     [STRMCNTR] URL 14) Captured M3U8                                                  (stc.py:303)
[2026-09-09 | 18:07:16] INFO     [STRMCNTR] URL 15) Captured M3U8                                                  (stc.py:303)
[2026-09-09 | 18:07:17] INFO     [STRMCNTR] URL 16) Captured M3U8                                                  (stc.py:303)
[2026-09-09 | 18:07:17] INFO     [STRMCNTR] URL 17) Captured M3U8                                                  (stc.py:303)
[2026-09-09 | 18:07:19] INFO     [STRMCNTR] URL 18) Captured M3U8                                                  (stc.py:303)
[2026-09-09 | 18:07:19] INFO     [STRMCNTR] URL 19) Captured M3U8                                                  (stc.py:303)
[2026-09-09 | 18:07:19] INFO     [STRMCNTR] URL 20) Captured M3U8                                                  (stc.py:303)
[2026-09-09 | 18:07:21] INFO     [STRMCNTR] URL 21) Captured M3U8                                                  (stc.py:303)
[2026-09-09 | 18:07:21] INFO     [STRMCNTR] URL 22) Captured M3U8                                                  (stc.py:303)
[2026-09-09 | 18:07:21] INFO     [STRMCNTR] URL 23) Captured M3U8                                                  (stc.py:303)
[2026-09-09 | 18:07:22] INFO     [STRMCNTR] URL 24) Captured M3U8                                                  (stc.py:303)
[2026-09-09 | 18:07:26] INFO     [STRMCNTR] URL 25) Captured M3U8                                                  (stc.py:303)
[2026-09-09 | 18:07:26] INFO     [STRMCNTR] Collected 25 event(s)                                                  (stc.py:515)
[2026-09-09 | 21:02:01] INFO     [STRMCNTR] Scraping from "https://streamecenter.live"                             (stc.py:431)
[2026-09-09 | 21:02:03] INFO     [STRMCNTR] Processing 22 URL(s)                                                   (stc.py:459)
[2026-09-09 | 21:02:04] INFO     [STRMCNTR] URL 1) Captured M3U8                                                   (stc.py:303)
[2026-09-09 | 21:02:08] INFO     [STRMCNTR] URL 2) Captured M3U8                                                   (stc.py:303)
[2026-09-09 | 21:02:08] INFO     [STRMCNTR] URL 3) Captured M3U8                                                   (stc.py:303)
[2026-09-09 | 21:02:09] INFO     [STRMCNTR] URL 4) Captured M3U8                                                   (stc.py:303)
[2026-09-09 | 21:02:10] INFO     [STRMCNTR] URL 5) Captured M3U8                                                   (stc.py:303)
[2026-09-09 | 21:02:10] INFO     [STRMCNTR] URL 6) Captured M3U8                                                   (stc.py:303)
[2026-09-09 | 21:02:11] INFO     [STRMCNTR] URL 7) Captured M3U8                                                   (stc.py:303)
[2026-09-09 | 21:02:12] INFO     [STRMCNTR] URL 8) Captured M3U8                                                   (stc.py:303)
[2026-09-09 | 21:02:12] INFO     [STRMCNTR] URL 9) Captured M3U8                                                   (stc.py:303)
[2026-09-09 | 21:02:13] INFO     [STRMCNTR] URL 10) Captured M3U8                                                  (stc.py:303)
[2026-09-09 | 21:02:14] INFO     [STRMCNTR] URL 11) Captured M3U8                                                  (stc.py:303)
[2026-09-09 | 21:02:14] INFO     [STRMCNTR] URL 12) Captured M3U8                                                  (stc.py:303)
[2026-09-09 | 21:02:15] INFO     [STRMCNTR] URL 13) Captured M3U8                                                  (stc.py:303)
[2026-09-09 | 21:02:17] INFO     [STRMCNTR] URL 14) Captured M3U8                                                  (stc.py:303)
[2026-09-09 | 21:02:17] INFO     [STRMCNTR] URL 15) Captured M3U8                                                  (stc.py:303)
[2026-09-09 | 21:02:17] INFO     [STRMCNTR] URL 16) Captured M3U8                                                  (stc.py:303)
[2026-09-09 | 21:02:19] INFO     [STRMCNTR] URL 17) Captured M3U8                                                  (stc.py:303)
[2026-09-09 | 21:02:19] INFO     [STRMCNTR] URL 18) Captured M3U8                                                  (stc.py:303)
[2026-09-09 | 21:02:19] INFO     [STRMCNTR] URL 19) Captured M3U8                                                  (stc.py:303)
[2026-09-09 | 21:02:21] INFO     [STRMCNTR] URL 20) Captured M3U8                                                  (stc.py:303)
[2026-09-09 | 21:02:22] INFO     [STRMCNTR] URL 21) Captured M3U8                                                  (stc.py:303)
[2026-09-09 | 21:02:22] INFO     [STRMCNTR] URL 22) Captured M3U8                                                  (stc.py:303)
[2026-09-09 | 21:02:22] INFO     [STRMCNTR] Collected 22 event(s)                                                  (stc.py:515)
[2026-09-09 | 23:22:34] INFO     [STRMCNTR] Scraping from "https://streamecenter.live"                             (stc.py:431)
[2026-09-09 | 23:22:35] INFO     [STRMCNTR] Processing 12 URL(s)                                                   (stc.py:459)
[2026-09-09 | 23:22:35] INFO     [STRMCNTR] URL 1) Captured M3U8                                                   (stc.py:303)
[2026-09-09 | 23:22:36] INFO     [STRMCNTR] URL 2) Captured M3U8                                                   (stc.py:303)
[2026-09-09 | 23:22:37] INFO     [STRMCNTR] URL 3) Captured M3U8                                                   (stc.py:303)
[2026-09-09 | 23:22:37] INFO     [STRMCNTR] URL 4) Captured M3U8                                                   (stc.py:303)
[2026-09-09 | 23:22:37] INFO     [STRMCNTR] URL 5) Captured M3U8                                                   (stc.py:303)
[2026-09-09 | 23:22:38] INFO     [STRMCNTR] URL 6) Captured M3U8                                                   (stc.py:303)
[2026-09-09 | 23:22:39] INFO     [STRMCNTR] URL 7) Captured M3U8                                                   (stc.py:303)
[2026-09-09 | 23:22:39] INFO     [STRMCNTR] URL 8) Captured M3U8                                                   (stc.py:303)
[2026-09-09 | 23:22:39] INFO     [STRMCNTR] URL 9) Captured M3U8                                                   (stc.py:303)
[2026-09-09 | 23:22:40] INFO     [STRMCNTR] URL 10) Captured M3U8                                                  (stc.py:303)
[2026-09-09 | 23:22:41] INFO     [STRMCNTR] URL 11) Captured M3U8                                                  (stc.py:303)
[2026-09-09 | 23:22:41] INFO     [STRMCNTR] URL 12) Captured M3U8                                                  (stc.py:303)
[2026-09-09 | 23:22:41] INFO     [STRMCNTR] Collected 12 event(s)                                                  (stc.py:515)
[2026-09-10 | 01:12:33] INFO     [STRMCNTR] Scraping from "https://streamecenter.live"                             (stc.py:431)
[2026-09-10 | 01:12:44] INFO     [STRMCNTR] Processing 11 URL(s)                                                   (stc.py:459)
[2026-09-10 | 01:12:49] ERROR    [STRMCNTR] URL 1) Failed to fetch "https://streamecenter.live/api/stream-link/iframe/event-espn-league-football-nfl-401872656/7f2416d4-f6ec-4540-b01b-5ca1e47b5b9d":  (stc.py:194)
[2026-09-10 | 01:12:55] ERROR    [STRMCNTR] URL 2) Failed to fetch "https://streamecenter.live/api/stream-link/iframe/event-espn-league-baseball-mlb-401816869/21572773-8427-4197-8c91-986c576d2dbc":  (stc.py:194)
[2026-09-10 | 01:13:00] ERROR    [STRMCNTR] URL 3) Failed to fetch "https://streamecenter.live/api/stream-link/iframe/event-espn-league-baseball-mlb-401816871/03b0b176-f58c-4c01-90c0-82ab7be55f58":  (stc.py:194)
[2026-09-10 | 01:13:08] ERROR    [STRMCNTR] URL 4) Failed to fetch "https://streamecenter.live/api/stream-link/iframe/event-espn-league-baseball-mlb-401816873/9b5bb771-1ccc-492f-8083-78f6cfc6e329":  (stc.py:194)
[2026-09-10 | 01:13:17] INFO     [STRMCNTR] URL 5) Captured M3U8                                                   (stc.py:303)
[2026-09-10 | 01:13:28] ERROR    [STRMCNTR] URL 6) Failed to fetch "https://streamecenter.live/api/stream-link/iframe/event-espn-league-baseball-mlb-401816870/56c39fb0-afa7-40ff-9932-11990c8a8306":  (stc.py:194)
[2026-09-10 | 01:13:34] ERROR    [STRMCNTR] URL 7) Failed to fetch "https://streamecenter.live/api/stream-link/iframe/event-espn-league-baseball-mlb-401816874/6b635bfc-5a25-41d9-b7c8-27c3add5a521":  (stc.py:194)
[2026-09-10 | 01:13:39] ERROR    [STRMCNTR] URL 8) Failed to fetch "https://streamecenter.live/api/stream-link/iframe/event-espn-league-baseball-mlb-401816875/14ab6f6d-f970-4328-b99f-a2d1253d6f05":  (stc.py:194)
[2026-09-10 | 01:13:45] ERROR    [STRMCNTR] URL 9) Failed to fetch "https://streamecenter.live/api/stream-link/iframe/event-espn-league-baseball-mlb-401816876/eeb51c46-97b3-4f5d-90b5-87786332400b":  (stc.py:194)
[2026-09-10 | 01:13:55] ERROR    [STRMCNTR] URL 10) Failed to fetch "https://streamecenter.live/api/stream-link/iframe/event-espn-league-baseball-mlb-401816877/7dbaa371-30d0-44f5-8ebe-0d3fd145a484":  (stc.py:194)
[2026-09-10 | 01:14:00] ERROR    [STRMCNTR] URL 11) Failed to fetch "https://streamecenter.live/api/stream-link/iframe/event-espn-league-baseball-mlb-401816878/641d5be1-bd84-4691-8084-44343621ad57":  (stc.py:194)
[2026-09-10 | 01:14:00] INFO     [STRMCNTR] Collected 11 event(s)                                                  (stc.py:515)
[2026-09-10 | 06:09:01] INFO     [STRMCNTR] Scraping from "https://streamecenter.live"                             (stc.py:431)
[2026-09-10 | 06:09:03] INFO     [STRMCNTR] Processing 13 URL(s)                                                   (stc.py:459)
[2026-09-10 | 06:09:04] INFO     [STRMCNTR] URL 1) Captured M3U8                                                   (stc.py:303)
[2026-09-10 | 06:09:05] ERROR    [STRMCNTR] URL 2) Failed to fetch "https://streamecenter.live/api/stream-link/iframe/event-espn-league-football-nfl-401872657/6032aaf7-0a05-49af-88ca-a497c214bb6d": Client error '404 Not Found' for url 'https://streamcenter.st/api/stream-link/iframe/event-espn-league-football-nfl-401872657/6032aaf7-0a05-49af-88ca-a497c214bb6d'
For more information check: https://developer.mozilla.org/en-US/docs/Web/HTTP/Status/404 (stc.py:206)
[2026-09-10 | 06:09:05] INFO     [STRMCNTR] URL 3) Captured M3U8                                                   (stc.py:303)
[2026-09-10 | 06:09:06] INFO     [STRMCNTR] URL 4) Captured M3U8                                                   (stc.py:303)
[2026-09-10 | 06:09:07] INFO     [STRMCNTR] URL 5) Captured M3U8                                                   (stc.py:303)
[2026-09-10 | 06:09:07] INFO     [STRMCNTR] URL 6) Captured M3U8                                                   (stc.py:303)
[2026-09-10 | 06:09:08] INFO     [STRMCNTR] URL 7) Captured M3U8                                                   (stc.py:303)
[2026-09-10 | 06:09:09] INFO     [STRMCNTR] URL 8) Captured M3U8                                                   (stc.py:303)
[2026-09-10 | 06:09:09] INFO     [STRMCNTR] URL 9) Captured M3U8                                                   (stc.py:303)
[2026-09-10 | 06:09:10] INFO     [STRMCNTR] URL 10) Captured M3U8                                                  (stc.py:303)
[2026-09-10 | 06:09:11] INFO     [STRMCNTR] URL 11) Captured M3U8                                                  (stc.py:303)
[2026-09-10 | 06:09:11] INFO     [STRMCNTR] URL 12) Captured M3U8                                                  (stc.py:303)
[2026-09-10 | 06:09:12] INFO     [STRMCNTR] URL 13) Captured M3U8                                                  (stc.py:303)
[2026-09-10 | 06:09:12] INFO     [STRMCNTR] Collected 12 event(s)                                                  (stc.py:515)
[2026-09-10 | 11:33:51] INFO     [STRMCNTR] Scraping from "https://streamecenter.live"                             (stc.py:431)
[2026-09-10 | 11:33:52] INFO     [STRMCNTR] Processing 13 URL(s)                                                   (stc.py:459)
[2026-09-10 | 11:33:53] INFO     [STRMCNTR] URL 1) Captured M3U8                                                   (stc.py:303)
[2026-09-10 | 11:33:54] INFO     [STRMCNTR] URL 2) Captured M3U8                                                   (stc.py:303)
[2026-09-10 | 11:33:54] INFO     [STRMCNTR] URL 3) Captured M3U8                                                   (stc.py:303)
[2026-09-10 | 11:33:54] INFO     [STRMCNTR] URL 4) Captured M3U8                                                   (stc.py:303)
[2026-09-10 | 11:33:56] INFO     [STRMCNTR] URL 5) Captured M3U8                                                   (stc.py:303)
[2026-09-10 | 11:33:56] INFO     [STRMCNTR] URL 6) Captured M3U8                                                   (stc.py:303)
[2026-09-10 | 11:33:56] INFO     [STRMCNTR] URL 7) Captured M3U8                                                   (stc.py:303)
[2026-09-10 | 11:33:56] INFO     [STRMCNTR] URL 8) Captured M3U8                                                   (stc.py:303)
[2026-09-10 | 11:33:58] INFO     [STRMCNTR] URL 9) Captured M3U8                                                   (stc.py:303)
[2026-09-10 | 11:33:58] INFO     [STRMCNTR] URL 10) Captured M3U8                                                  (stc.py:303)
[2026-09-10 | 11:33:58] INFO     [STRMCNTR] URL 11) Captured M3U8                                                  (stc.py:303)
[2026-09-10 | 11:34:00] INFO     [STRMCNTR] URL 12) Captured M3U8                                                  (stc.py:303)
[2026-09-10 | 11:34:00] INFO     [STRMCNTR] URL 13) Captured M3U8                                                  (stc.py:303)
[2026-09-10 | 11:34:00] INFO     [STRMCNTR] Collected 13 event(s)                                                  (stc.py:515)
[2026-09-10 | 15:24:00] INFO     [STRMCNTR] Scraping from "https://streamecenter.live"                             (stc.py:431)
[2026-09-10 | 15:24:02] INFO     [STRMCNTR] Processing 13 URL(s)                                                   (stc.py:459)
[2026-09-10 | 15:24:03] INFO     [STRMCNTR] URL 1) Captured M3U8                                                   (stc.py:303)
[2026-09-10 | 15:24:04] INFO     [STRMCNTR] URL 2) Captured M3U8                                                   (stc.py:303)
[2026-09-10 | 15:24:05] INFO     [STRMCNTR] URL 3) Captured M3U8                                                   (stc.py:303)
[2026-09-10 | 15:24:06] INFO     [STRMCNTR] URL 4) Captured M3U8                                                   (stc.py:303)
[2026-09-10 | 15:24:07] INFO     [STRMCNTR] URL 5) Captured M3U8                                                   (stc.py:303)
[2026-09-10 | 15:24:08] INFO     [STRMCNTR] URL 6) Captured M3U8                                                   (stc.py:303)
[2026-09-10 | 15:24:08] INFO     [STRMCNTR] URL 7) Captured M3U8                                                   (stc.py:303)
[2026-09-10 | 15:24:10] INFO     [STRMCNTR] URL 8) Captured M3U8                                                   (stc.py:303)
[2026-09-10 | 15:24:10] INFO     [STRMCNTR] URL 9) Captured M3U8                                                   (stc.py:303)
[2026-09-10 | 15:24:12] INFO     [STRMCNTR] URL 10) Captured M3U8                                                  (stc.py:303)
[2026-09-10 | 15:24:12] INFO     [STRMCNTR] URL 11) Captured M3U8                                                  (stc.py:303)
[2026-09-10 | 15:24:12] INFO     [STRMCNTR] URL 12) Captured M3U8                                                  (stc.py:303)
[2026-09-10 | 15:24:14] INFO     [STRMCNTR] URL 13) Captured M3U8                                                  (stc.py:303)
[2026-09-10 | 15:24:14] INFO     [STRMCNTR] Collected 13 event(s)                                                  (stc.py:515)
[2026-09-10 | 18:34:58] INFO     [STRMCNTR] Scraping from "https://streamecenter.live"                             (stc.py:431)
[2026-09-10 | 18:35:00] INFO     [STRMCNTR] Processing 13 URL(s)                                                   (stc.py:459)
[2026-09-10 | 18:35:00] INFO     [STRMCNTR] URL 1) Captured M3U8                                                   (stc.py:303)
[2026-09-10 | 18:35:02] INFO     [STRMCNTR] URL 2) Captured M3U8                                                   (stc.py:303)
[2026-09-10 | 18:35:02] INFO     [STRMCNTR] URL 3) Captured M3U8                                                   (stc.py:303)
[2026-09-10 | 18:35:02] INFO     [STRMCNTR] URL 4) Captured M3U8                                                   (stc.py:303)
[2026-09-10 | 18:35:02] INFO     [STRMCNTR] URL 5) Captured M3U8                                                   (stc.py:303)
[2026-09-10 | 18:35:04] INFO     [STRMCNTR] URL 6) Captured M3U8                                                   (stc.py:303)
[2026-09-10 | 18:35:04] INFO     [STRMCNTR] URL 7) Captured M3U8                                                   (stc.py:303)
[2026-09-10 | 18:35:08] INFO     [STRMCNTR] URL 8) Captured M3U8                                                   (stc.py:303)
[2026-09-10 | 18:35:08] INFO     [STRMCNTR] URL 9) Captured M3U8                                                   (stc.py:303)
[2026-09-10 | 18:35:08] INFO     [STRMCNTR] URL 10) Captured M3U8                                                  (stc.py:303)
[2026-09-10 | 18:35:08] INFO     [STRMCNTR] URL 11) Captured M3U8                                                  (stc.py:303)
[2026-09-10 | 18:35:10] INFO     [STRMCNTR] URL 12) Captured M3U8                                                  (stc.py:303)
[2026-09-10 | 18:35:10] INFO     [STRMCNTR] URL 13) Captured M3U8                                                  (stc.py:303)
[2026-09-10 | 18:35:10] INFO     [STRMCNTR] Collected 13 event(s)                                                  (stc.py:515)
[2026-09-10 | 21:17:07] INFO     [STRMCNTR] Scraping from "https://streamecenter.live"                             (stc.py:431)
[2026-09-10 | 21:17:09] INFO     [STRMCNTR] Processing 9 URL(s)                                                    (stc.py:459)
[2026-09-10 | 21:17:10] INFO     [STRMCNTR] URL 1) Captured M3U8                                                   (stc.py:303)
[2026-09-10 | 21:17:10] INFO     [STRMCNTR] URL 2) Captured M3U8                                                   (stc.py:303)
[2026-09-10 | 21:17:11] INFO     [STRMCNTR] URL 3) Captured M3U8                                                   (stc.py:303)
[2026-09-10 | 21:17:12] INFO     [STRMCNTR] URL 4) Captured M3U8                                                   (stc.py:303)
[2026-09-10 | 21:17:12] INFO     [STRMCNTR] URL 5) Captured M3U8                                                   (stc.py:303)
[2026-09-10 | 21:17:12] INFO     [STRMCNTR] URL 6) Captured M3U8                                                   (stc.py:303)
[2026-09-10 | 21:17:14] INFO     [STRMCNTR] URL 7) Captured M3U8                                                   (stc.py:303)
[2026-09-10 | 21:17:14] INFO     [STRMCNTR] URL 8) Captured M3U8                                                   (stc.py:303)
[2026-09-10 | 21:17:14] INFO     [STRMCNTR] URL 9) Captured M3U8                                                   (stc.py:303)
[2026-09-10 | 21:17:14] INFO     [STRMCNTR] Collected 9 event(s)                                                   (stc.py:515)
